-- phpMyAdmin SQL Dump
-- version 4.6.6deb5
-- https://www.phpmyadmin.net/
--
-- Servidor: localhost:3306
-- Tiempo de generación: 06-11-2019 a las 14:44:48
-- Versión del servidor: 5.7.27-0ubuntu0.18.04.1
-- Versión de PHP: 7.2.24-0ubuntu0.18.04.1

SET SQL_MODE = "NO_AUTO_VALUE_ON_ZERO";
SET time_zone = "+00:00";


/*!40101 SET @OLD_CHARACTER_SET_CLIENT=@@CHARACTER_SET_CLIENT */;
/*!40101 SET @OLD_CHARACTER_SET_RESULTS=@@CHARACTER_SET_RESULTS */;
/*!40101 SET @OLD_COLLATION_CONNECTION=@@COLLATION_CONNECTION */;
/*!40101 SET NAMES utf8mb4 */;

--
-- Base de datos: `db_super_at_master_test`
--

-- --------------------------------------------------------

--
-- Estructura de tabla para la tabla `company`
--

CREATE TABLE `company` (
  `id` int(11) NOT NULL,
  `name` text COLLATE utf8mb4_unicode_ci NOT NULL,
  `description` text COLLATE utf8mb4_unicode_ci,
  `address` text COLLATE utf8mb4_unicode_ci,
  `nit` varchar(25) COLLATE utf8mb4_unicode_ci NOT NULL,
  `phone` varchar(15) COLLATE utf8mb4_unicode_ci DEFAULT NULL,
  `email` varchar(75) COLLATE utf8mb4_unicode_ci NOT NULL,
  `company_db_name` varchar(64) COLLATE utf8mb4_unicode_ci NOT NULL,
  `type_id` int(11) NOT NULL,
  `state_id` int(11) NOT NULL,
  `created_at` datetime NOT NULL DEFAULT CURRENT_TIMESTAMP,
  `created_by` int(11) NOT NULL
) ENGINE=InnoDB DEFAULT CHARSET=utf8mb4 COLLATE=utf8mb4_unicode_ci;

--
-- Volcado de datos para la tabla `company`
--

INSERT INTO `company` (`id`, `name`, `description`, `address`, `nit`, `phone`, `email`, `company_db_name`, `type_id`, `state_id`, `created_at`, `created_by`) VALUES
(1, 'Master binar10', 'Es la base de datos de la empresa', 'Binar10 company', '2315634-41', '3800000', 'asd@aasd.com', 'db_super_at_master', 1, 1, '2019-09-12 11:04:39', 1),
(17, 'SuperAT', 'Esta es yba enoresa con muchos datos 1208512 1251#$#%#$)#$!=$!=$!', '11', '20145155-12', '325154', 'super_at@gmail.com', 'db_super_at_test', 4, 1, '2019-10-02 16:38:01', 1),
(23, 'Farmacia torres', '.split(\'.\')[0].split(\'.\')[0].split(\'.\')[0].split(\'.\')[0]', 'Cra  64 #98-90', '1234091380-10', '53004851048', 'steveni@uninorte.edu.co', 'db_Farmacia_torres_6497', 4, 2, '2019-10-24 17:00:26', 91),
(24, 'Arlington INC', 'Vigilancia', 'Cra  64 #98-90', '132490813-10', '3004851048', 'steven97ful@gmail.com', 'db_Arlington_INC_5034', 2, 2, '2019-10-24 17:03:47', 91),
(27, 'Unidroguis', 'iajdaoidjaoiuwdjawoidjawoidjawdoij', 'Cra  64 #98-90', '22222222-10', '3004851048', 'projectmanager@binar10.co', 'db_Unidroguis_2092', 3, 1, '2019-10-25 15:17:59', 91);

-- --------------------------------------------------------

--
-- Estructura de tabla para la tabla `company_state`
--

CREATE TABLE `company_state` (
  `id` int(11) NOT NULL,
  `name` varchar(50) COLLATE utf8mb4_unicode_ci NOT NULL,
  `description` text COLLATE utf8mb4_unicode_ci NOT NULL
) ENGINE=InnoDB DEFAULT CHARSET=utf8mb4 COLLATE=utf8mb4_unicode_ci;

--
-- Volcado de datos para la tabla `company_state`
--

INSERT INTO `company_state` (`id`, `name`, `description`) VALUES
(1, 'Active', ''),
(2, 'Inactive', '');

-- --------------------------------------------------------

--
-- Estructura de tabla para la tabla `company_type`
--

CREATE TABLE `company_type` (
  `id` int(11) NOT NULL,
  `name` varchar(50) COLLATE utf8mb4_unicode_ci NOT NULL,
  `description` text COLLATE utf8mb4_unicode_ci NOT NULL
) ENGINE=InnoDB DEFAULT CHARSET=utf8mb4 COLLATE=utf8mb4_unicode_ci;

--
-- Volcado de datos para la tabla `company_type`
--

INSERT INTO `company_type` (`id`, `name`, `description`) VALUES
(1, 'Administration', 'Binar10'),
(2, 'Vigilancia', 'Empresas de vigilancia'),
(3, 'Aseo', 'Empresas de aseo'),
(4, 'Drogueria', 'Empresas farmaseuticas');

-- --------------------------------------------------------

--
-- Estructura de tabla para la tabla `errors_log`
--

CREATE TABLE `errors_log` (
  `id` int(11) NOT NULL,
  `header` text COLLATE utf8mb4_unicode_ci NOT NULL,
  `body` text COLLATE utf8mb4_unicode_ci NOT NULL,
  `user_id` int(11) NOT NULL,
  `user_type` int(11) NOT NULL,
  `date` datetime NOT NULL DEFAULT CURRENT_TIMESTAMP,
  `resolved` int(11) NOT NULL DEFAULT '0'
) ENGINE=InnoDB DEFAULT CHARSET=utf8mb4 COLLATE=utf8mb4_unicode_ci;

-- --------------------------------------------------------

--
-- Estructura de tabla para la tabla `login_log`
--

CREATE TABLE `login_log` (
  `id` int(11) NOT NULL,
  `user_id` int(11) NOT NULL,
  `created_at` datetime NOT NULL DEFAULT CURRENT_TIMESTAMP
) ENGINE=InnoDB DEFAULT CHARSET=utf8mb4 COLLATE=utf8mb4_unicode_ci;

-- --------------------------------------------------------

--
-- Estructura de tabla para la tabla `migrations`
--

CREATE TABLE `migrations` (
  `id` int(10) UNSIGNED NOT NULL,
  `migration` varchar(191) COLLATE utf8mb4_unicode_ci NOT NULL,
  `batch` int(11) NOT NULL
) ENGINE=InnoDB DEFAULT CHARSET=utf8mb4 COLLATE=utf8mb4_unicode_ci;

-- --------------------------------------------------------

--
-- Estructura de tabla para la tabla `oauth_access_tokens`
--

CREATE TABLE `oauth_access_tokens` (
  `id` varchar(100) COLLATE utf8mb4_unicode_ci NOT NULL,
  `user_id` int(11) DEFAULT NULL,
  `client_id` int(10) UNSIGNED NOT NULL,
  `name` varchar(191) COLLATE utf8mb4_unicode_ci DEFAULT NULL,
  `scopes` text COLLATE utf8mb4_unicode_ci,
  `revoked` tinyint(1) NOT NULL,
  `created_at` timestamp NULL DEFAULT NULL,
  `updated_at` timestamp NULL DEFAULT NULL,
  `expires_at` datetime DEFAULT NULL
) ENGINE=InnoDB DEFAULT CHARSET=utf8mb4 COLLATE=utf8mb4_unicode_ci;

--
-- Volcado de datos para la tabla `oauth_access_tokens`
--

INSERT INTO `oauth_access_tokens` (`id`, `user_id`, `client_id`, `name`, `scopes`, `revoked`, `created_at`, `updated_at`, `expires_at`) VALUES
('18eec956ea7f9ad4c8546a9c3eb501efec12aab2c9e57597aa13f934142d744848eae4f87bf003e9', 81, 1, NULL, '[\"*\"]', 0, '2019-10-21 18:32:57', '2019-10-21 18:32:57', '2020-10-21 13:32:57'),
('1cec529f019e7b57c7e65977ad429bd41079f6e9f394319209849c1ae99511b6dfe10eb84c12d40c', 39, 1, NULL, '[\"*\"]', 0, '2019-10-19 15:59:32', '2019-10-19 15:59:32', '2020-10-19 10:59:32'),
('1f7629ea20d03422b6e6254e835c113ce2ef2fcf93244d74212e53064a7f4e066c45456a584c8da3', 41, 1, NULL, '[\"*\"]', 0, '2019-11-06 17:10:30', '2019-11-06 17:10:30', '2020-11-06 12:10:30'),
('3b0efc94bc17e1caba66b98a8bb6c393669f6a1ff7f6ebf09e25d3b119b4594817466be8e3980396', 108, 1, NULL, '[\"*\"]', 0, '2019-11-05 15:35:21', '2019-11-05 15:35:21', '2020-11-05 10:35:21'),
('42191e8052be5b7dc06d14ded793bcb920751b2e1e98931085dd030edb4ed62cf978cb1c14cf469b', 103, 1, NULL, '[\"*\"]', 0, '2019-11-06 14:27:50', '2019-11-06 14:27:50', '2020-11-06 09:27:50'),
('75a2c2213984bc98c186a2efb11401e64ec5afae65410ba7f9b554b90242152eccb517a50030f84a', 102, 1, NULL, '[\"*\"]', 0, '2019-11-06 14:06:23', '2019-11-06 14:06:23', '2020-11-06 09:06:23'),
('76b0c77b843a8aa039fe5d95fa2970b5abfec991c3e7a3c21332ca41c1dddfd90716024bd2f6c08d', 19, 1, NULL, '[\"*\"]', 0, '2019-10-21 17:11:40', '2019-10-21 17:11:40', '2020-10-21 12:11:40'),
('8a309c7b3c11851dbf08bd3f29141372a904243738e19b733f41ca0c7db4b1926cd2c3b6eef4ed74', 106, 1, NULL, '[\"*\"]', 0, '2019-10-29 16:04:12', '2019-10-29 16:04:12', '2020-10-29 11:04:12'),
('97f3ce983e5c3b013ff750492e18e719235c1066d22f11c42c7955451ec60573e2427c4bf4be3c7b', 27, 1, NULL, '[\"*\"]', 0, '2019-10-16 23:56:41', '2019-10-16 23:56:41', '2020-10-16 18:56:41'),
('9824bf8d10be9d0fe14c3dca3ecb8e0d32719954d222cf26eaf0a9a7b854681e7423114d42e4585f', 107, 1, NULL, '[\"*\"]', 0, '2019-11-06 14:09:17', '2019-11-06 14:09:17', '2020-11-06 09:09:17'),
('a3992a089d7010ccac48b55206f21ae2aa26edda076c07b346f67c7b104d5c9d6c6b570871947994', 105, 1, NULL, '[\"*\"]', 0, '2019-11-05 21:52:21', '2019-11-05 21:52:21', '2020-11-05 16:52:21'),
('ba7a7eb454d7245ef5c1a69bdb13536501a75084ce8be40bc7d2f3b57f596f1b3b651309b43a4780', 104, 1, NULL, '[\"*\"]', 0, '2019-10-28 21:39:17', '2019-10-28 21:39:17', '2020-10-28 16:39:17'),
('c298305fc5903a5e7e279084c1345ba79bbde940b9388401a99e8fc81745eb11d35253b2bced69b2', 61, 1, NULL, '[\"*\"]', 0, '2019-10-17 00:01:08', '2019-10-17 00:01:08', '2020-10-16 19:01:08'),
('d52a6a2ba7962f663bc6e62744dc9c80c24844207bed72ac278faf0fc7869b82a0c68e1604b12803', 90, 1, NULL, '[\"*\"]', 0, '2019-10-23 23:55:22', '2019-10-23 23:55:22', '2020-10-23 18:55:22'),
('f58150ddc451ecce70216e932cb6e94a4f907e9a2ef48df4e208fe4154a5afa8c105ec3fcde9d3b5', 72, 1, NULL, '[\"*\"]', 0, '2019-11-05 14:39:53', '2019-11-05 14:39:53', '2020-11-05 09:39:53');

-- --------------------------------------------------------

--
-- Estructura de tabla para la tabla `oauth_auth_codes`
--

CREATE TABLE `oauth_auth_codes` (
  `id` varchar(100) COLLATE utf8mb4_unicode_ci NOT NULL,
  `user_id` int(11) NOT NULL,
  `client_id` int(10) UNSIGNED NOT NULL,
  `scopes` text COLLATE utf8mb4_unicode_ci,
  `revoked` tinyint(1) NOT NULL,
  `expires_at` datetime DEFAULT NULL
) ENGINE=InnoDB DEFAULT CHARSET=utf8mb4 COLLATE=utf8mb4_unicode_ci;

-- --------------------------------------------------------

--
-- Estructura de tabla para la tabla `oauth_clients`
--

CREATE TABLE `oauth_clients` (
  `id` int(10) UNSIGNED NOT NULL,
  `user_id` int(11) DEFAULT NULL,
  `name` varchar(191) COLLATE utf8mb4_unicode_ci NOT NULL,
  `secret` varchar(100) COLLATE utf8mb4_unicode_ci NOT NULL,
  `redirect` text COLLATE utf8mb4_unicode_ci NOT NULL,
  `personal_access_client` tinyint(1) NOT NULL,
  `password_client` tinyint(1) NOT NULL,
  `revoked` tinyint(1) NOT NULL,
  `created_at` timestamp NULL DEFAULT NULL,
  `updated_at` timestamp NULL DEFAULT NULL
) ENGINE=InnoDB DEFAULT CHARSET=utf8mb4 COLLATE=utf8mb4_unicode_ci;

--
-- Volcado de datos para la tabla `oauth_clients`
--

INSERT INTO `oauth_clients` (`id`, `user_id`, `name`, `secret`, `redirect`, `personal_access_client`, `password_client`, `revoked`, `created_at`, `updated_at`) VALUES
(1, NULL, 'Laravel Password Grant Client', 'UNVUmxeaH33CyNZcQRop8NF7w4osxqaj4AjltKlH', 'http://localhost', 0, 1, 0, '2019-10-12 15:06:56', '2019-10-12 15:06:56');

-- --------------------------------------------------------

--
-- Estructura de tabla para la tabla `oauth_personal_access_clients`
--

CREATE TABLE `oauth_personal_access_clients` (
  `id` int(10) UNSIGNED NOT NULL,
  `client_id` int(10) UNSIGNED NOT NULL,
  `created_at` timestamp NULL DEFAULT NULL,
  `updated_at` timestamp NULL DEFAULT NULL
) ENGINE=InnoDB DEFAULT CHARSET=utf8mb4 COLLATE=utf8mb4_unicode_ci;

-- --------------------------------------------------------

--
-- Estructura de tabla para la tabla `oauth_refresh_tokens`
--

CREATE TABLE `oauth_refresh_tokens` (
  `id` varchar(100) COLLATE utf8mb4_unicode_ci NOT NULL,
  `access_token_id` varchar(100) COLLATE utf8mb4_unicode_ci NOT NULL,
  `revoked` tinyint(1) NOT NULL,
  `expires_at` datetime DEFAULT NULL
) ENGINE=InnoDB DEFAULT CHARSET=utf8mb4 COLLATE=utf8mb4_unicode_ci;

--
-- Volcado de datos para la tabla `oauth_refresh_tokens`
--

INSERT INTO `oauth_refresh_tokens` (`id`, `access_token_id`, `revoked`, `expires_at`) VALUES
('00273327157e9e124a7e8d585c8e1267155264d99684373ca3b71a2d900ed48971c01fc822b6c640', '584d0c9fde8b7a7f707a2ab5406c248d00a3741279112a3981eaa1ca5da0561ea2e05b339581046a', 0, '2020-10-28 15:53:16'),
('002d5a7cc047837629b85a55ec4169b35a3de5c4dbb1c1183f77ce2231b3edcc4090bc3d0fa34d2a', '6f9835ad3bfe268a01489515312a09edc80491d05f275ae9462293dc7e2aeb8714b384e8e6c2d07c', 0, '2020-10-28 14:15:53'),
('00e5bc725e43ffa6b579785f6e66854671ab442181d84a09987b62465ddc2a412266458321fb192e', '8fa7b057344b456b00c599a3ce502bd41ceaf54a86887ad554795655c1cbb195ba67d4e2880d66a2', 1, '2020-10-25 16:26:49'),
('01679577046c58301cd94fc0e9dd8722b3c7ba47ab29e045d8030c47fa56835a911b5f3b08de4cfb', '994042bc213c6b13b1db364d914a8d4b3c2c0011b0939fefed03fa582ee8f750738508e6cc48917d', 0, '2020-10-23 18:15:07'),
('026d78303b9742e30652896ba952c26e08eee2a853733cf039c16c198525ea7e05bab21810454cd6', '596f3c31883ca0abaaf7f1a5a955885d3635fdf241f8998385dcce4b2a515f2973f360a175ea1fc2', 0, '2020-10-21 13:37:43'),
('028b9e825b8e17180d0dcb76465b3f44300a92a02122bf8930a3915a85ace94e19a760709cbd62e1', '7b7a8e1b96a66afb5ddb28ee2169ff600d15e23bf178ee455719982054bb61fee0b8ff678ae10bcb', 0, '2020-10-29 17:28:03'),
('03064f879583b0aa2efdf3b9bbe60218c7d7715effec4f6ad0d3fec7517035ec40547f268787d19e', '369482c8f3f785f8f091c3dd75827a16af8333eb244ed1e0abbe8afaaea0d234c1ee669c1fa141bd', 0, '2020-10-22 16:12:17'),
('0316de8f01f4266e26c1f14f2839ed2885f8b089ad5d3aaba0075f2ee327c6b21cbf9f6296f10f30', 'f4d78c24d781f9914d89af32f43fd452d0d811d687bae757fa6d6b0c0862b09cabe5addace988742', 1, '2020-10-25 16:28:03'),
('03f766584dd91363e048beacc223166e46079ec1d67b57567c577209c7e0d17bfed2f3f79f640a98', 'eb3cf9d6819ded6ec03fa7021c17f128b956d84ba7c1f864785d1e3d9516feee90c3be549085f678', 1, '2020-10-25 16:18:48'),
('041d6aacc141481153adc508812d702cab06c35bbf40f735ef20f8b9542e3d22938c734c952d4fa6', 'fb86caea4d7886332bad26238f0ccd171514429a6926cd736cef956a4d996df0d16739e6b57bf3b2', 0, '2020-10-23 18:26:11'),
('04249be01716af9066c610e822983b41f7aac65d11325ef71d8a476067a4ae197d3f0642177f4ad8', '5c79e6a9902ae3404b5c144f7b15156bba3954ebd753a48ca51ca56270af4fdee55d209258d6be3f', 0, '2020-11-01 10:38:08'),
('0427041a727942b42c2f20e47d2e401bb5ad4efdce84bd3230193eaca306b42047ad83bdba68f42b', '111080eae60cf4b222a5db1ac1affd3cde6e2ff92d78ce68cdbe275e5011e4ac0ca588095f45af3d', 1, '2020-11-01 10:31:37'),
('04a71171e80c4a3527e929f07cabb8325c12569cba0db5a7e7997e9e08ada8cb3e1725ee0cb1ff9e', '41a3ed654eab2cbf78b9dbec674d993a8e974916b03b424ba102b7710bda6bb07cf9675345319832', 0, '2020-10-19 11:23:45'),
('0560f63b456bf983aa3dd654a53f2cfe4b5e1e223218a433a27ea3b6115c6d6b6fb74b070e728ffe', 'ef2efee592acd8a18848ef86a584cf728e8badcf3098db2b601266750e0732eca750acf09d4fa0f7', 0, '2020-10-29 16:54:46'),
('05de0539a6e39ec1c4c72b91904e0c025fbdf29b464e8e64c39ff84eb67841b14f6e52308ed6acf3', 'b15a2413bec8d8a8b5d690a49810afa4f94d75ab326c70b253bd402b94359df4f1a5c8e9ddccbc0a', 1, '2020-10-15 10:29:24'),
('05e9f55340550d231720dd02b91963c33c842077e1de2c3332da886cda569d76596fbf6bff0fdb8e', '65f09e5e3921cf626152cbcb37a22924c7d214e34d2a8266ca12809e4987a3792add71fbfbf83c0b', 1, '2020-11-05 09:38:25'),
('0858ac91aee48429454c13401aa325649bc523377d765bc3b20f0899b5d8cbfa0d165ea9e1e6494b', '19d7ba4c2cdb8462a514ed1de9b16705856cf7186b3639d8c5be9933667ac4254672996489716522', 0, '2020-10-16 17:06:36'),
('0892454c5251c930809ea363ea09f74d9f2746944913b857b26c94ada33984f737ad03e6af754959', '747ee126fc714f7bc691902d637b43b5e3a06b9fd2219f9c393233d12a2ac835cbac54f35fd5f92f', 0, '2020-10-15 17:35:29'),
('0a2ce77b87b73d0eab8949889eb2cb787d47c4a5a5618417f24e8af11c45db6c746ed345e0370c7a', '7f7904d19aab0857c9e2fd03f22b6fc064e6f0d802eef2de5297a5d19aceefd917eaa3f62dc5a28c', 0, '2020-10-15 14:41:49'),
('0a44b1748f8649147fad4e3874d91623b6378c5c1ce1e3439dd5b2ce65413aaee72559d5719b20c2', '431f5b2b4ba1fae0d5c69b9ecbefc2b55d9cae49c54e7d456d93b107299d24d0f89f597184972088', 0, '2020-10-23 18:35:22'),
('0afba256fa840595576e438fba5cd806ceee8225d601c6b975bdea393ac224cb68bbe15251a3e4f9', 'bdb559b785b986c23df2de0c1664e0ed0b41c6f76263d1441db6ddca639875f1f01dd5998e4a4339', 0, '2020-10-29 12:13:48'),
('0c6c4fdfc389e8f3ac76797dbafceef6b6d34ff791466a9aa3555750aa3a0c3149742cbacd6dcb17', '2eb592cfc2d0d0c89e950f84f1e9f8236c9fc72554fc33b451343b6f964c36bd9692dbb7a9c74176', 0, '2020-10-29 17:21:05'),
('0cc48076a40af0df03662497f42d694c4464d0213f311654d34b1a2566b785c630672015a53b24dc', '394d4a0b3242c4b276f9ac2f0b150e4c0790521540b11db0992e04ae1cfa295d0425c5a1851285e3', 0, '2020-10-19 11:16:24'),
('0d2efa556c0be2aded70ab43fb6bf4282cd811b7e812cbccf53a0e4ff3cf967030d7022dfde3ac90', '2096c94943d550b18e63cca0d95cca3ba5e6dfecb081f0d473fcbe47a37062055b52c0967eeb9e80', 0, '2020-10-15 17:45:29'),
('0d3cb1035c0c474a7387d53fbce3cdc17eb7d90e04b456e37655c39c9bc4e238c42a485c51d91cc6', '0ca17210e4c57b2136b8f3d5ddf41e6d7a87b4c2612a099c31ee099ae3199ae4be9c4034e80530a7', 0, '2020-10-24 15:44:26'),
('0d6df267e42f8e03fb0f947d8370ea173c052e3c92d54903617a0af00db5fba346a412622988481f', 'd5ae0beda5afc4cc7a9298ad207fc1853ece570a382942b538a1c3ef98ca77a0fa30da56f4222199', 0, '2020-10-23 18:26:34'),
('0dd68f09ea36441f76de37428cdfa70092831ff7a96371620f9d56370b5b7b979f5a66c6bff0ffe0', 'c4d2008f38c464773934d3e44e1e8eb85bbaac3e803c8346665c5a05f559e8d6b04e15f9362dcd19', 0, '2020-10-28 15:57:20'),
('0ed1dfe8354b24c93806f876073dad64cd97ee96a997d9e8039e0fd13c1c6e6553122e37cf95ae44', 'ed3d323a74c82a13ce0271ff14c10d4e4edac77293a8fd8edc9c5fb0305b904f82390d5494437347', 0, '2020-10-31 11:36:41'),
('0f09aee5808244c6be145ef1da7859b74a341b73e6c6adc24ea93a467a3385827b44688fae06c777', '735140193c232a5028f56c2c1e86015f2f3d0448a90586ec76fa077d5b6f3b2f1e5c7ecfa8bc91c7', 0, '2020-10-23 18:33:52'),
('0fe2319ab9ae3c66e3906639d128a4c899006446e38ea77032ff55a6c0712ac0b1fb4c876f66b0a9', 'ab1ae13ec79fdeb937fda6edd964007fa0179cd0ec4f324f5b5d28c327ee9b573371c9a507a6907a', 0, '2020-10-16 15:28:24'),
('12a08b84db1b0ee328c18d910ec5ac848d9d5559fcd0412103f6c36f2b9a5ffd4a593ec094a49ff1', '70f38226b9dec01da0f178c6d17bfde0378a288dc928c29aae8ff4cd18e70220a99d6cf919c3c866', 0, '2020-10-23 18:55:00'),
('15029aca8af559a37e4a77ef4964ee6eb80c600393f88cbcb26aa94b10ef1d048323633d19aa1677', '67f21697d3bbe360652ac49b31b3dfd973188d993ae6856117255292c7b2ffa8dbcdfa8c97a99cc4', 0, '2020-10-15 17:31:08'),
('156f4f9294a594ddcb8d9581dc1312950322ec351f8b3d8108a1b2da1a0c4ca0d8df8f0b5c412d51', '95f141145862edeef35c07d8891c9544d88e9551aa8ed9702767d03cd71d71d63b3fed5d006931a0', 0, '2020-10-23 18:11:21'),
('16dfbbc1b177088e8240bdd4e0cb4f82c8b75fbed0cd52ab82c7be4138fea961cdb85d499b2b7f39', 'a3992a089d7010ccac48b55206f21ae2aa26edda076c07b346f67c7b104d5c9d6c6b570871947994', 0, '2020-11-05 16:52:21'),
('1720e1b57c7600ba9da9ff1247731ec6a322766f1e92e7bf5d2e1e61ad3fb9174456b6369e28fc3c', '75a2c2213984bc98c186a2efb11401e64ec5afae65410ba7f9b554b90242152eccb517a50030f84a', 0, '2020-11-06 09:06:24'),
('185631d0c6dfabe7af1c17c132b84c9479b1fb257eadeaa467a991af30eab0bc8f56a2ce6443ea11', '9e780f575dee9e0e791c1a90bca7f524d934575eaf2589f0f43766c166373482d34cb0ebbe2eb29a', 0, '2020-10-17 15:06:56'),
('18fda479019117a78235bd3046590c3a4f3b90c59ebcc93edaca971714fb8d421afb65b6ba7a779a', 'f58186d619e2d254be876bcc3758452d150e08d4c00f4fb5ac3a8d0aadd69c5dedab0c946f257c26', 0, '2020-10-30 10:14:06'),
('1996879e00319e91a8c1ae49b994750c5fa0d6e5ca21c5ee700836ab6fcccbc41d927632081fc3b1', '4dfa367a994058ecedce2f61354a473ad39c827a07e0e7293ee4f16c9d24862e99bca7ce155ca7bb', 0, '2020-11-06 12:09:42'),
('19d9f2a7e22705ba9f5072ba4cb0740b56e572cf3d1811c280607032b28e27537078e01da8968130', '8fce9b704dfd8bceb8a3816171aacb824789af5af0748c3f1b6ca6548520e10661532255a655636e', 0, '2020-10-31 11:35:55'),
('1ac35b059f119814c39b764d961f64664665c20eb7b684e74eb32ac9be34f0364a76d039c3bcf998', '6d7b8fed691dbba5039caace350287fe9369bfc5006588a031f0c51abeee055300e891612ce4def2', 0, '2020-10-29 17:14:12'),
('1c6badc5301410b26fc1883dfe8902da1d627b997c8a9d4694a5ba3575bb99307ed26b88e5be766f', '3011a40ef04ece0d7a7535acea06f291840eacd7beb7b904a19a4cba744727594a5857f81647ab4a', 0, '2020-10-23 18:16:00'),
('1ca598b1f0696cd1b4def6dcf9951083f289dc590d541c2a8218842438b1436ae7371e77a13ebed5', '8c78c95843728e7fba4137e2c04ff9ec298cf6b53ca0aaaf92757e4878d2daf1250d8e4d5a48f5fb', 0, '2020-10-29 11:16:46'),
('1d2bd76904a39fe44ca317240dfe014de00082a93d8a681968524ac6966e886c22016b9111b7724a', 'd511d589f3805b07306cdef6ef9d70e4fd88da49e8b67a2860658acad3bea3b5063a478d307555c9', 1, '2020-10-29 11:57:56'),
('1dd20622d316fd0727d2a7e48e30f95287e53590e68f4a96b41e4a52751edbfab3543871eb090555', 'f6d6348073c0c67032befb62f575d69fa9396299c9f930f2e3796b54d47341db540f412d3c676c74', 0, '2020-10-23 18:26:24'),
('1ddaff995be819d70d64841c94cc1433e04695c2270ab895ced93e52b8f8c264519311d3c7ca0e63', '20c5b3ba7319f182624d8fa3d218c00880c112209ac66b63bd29f877c8cc3fbd445db766035dc27e', 1, '2020-11-02 10:18:34'),
('1ece22ddcc6f72a2ff889590792829763ac4bb99c25df72fe850165bd98d30e0ac1457edc3ea0ff2', '65ed28439d0f59d554d368a806801b6f04f90c8ee90e8e371770d7aba7f47f13e85102756bcf36a2', 0, '2020-11-05 08:55:25'),
('1f9978a6286c89ac8e87acbb4e0733a4a4c9daa4459c9eb267381beada520d2f44a72febea52ed1e', 'fde4af8a7507e518abf0fafc2a7e07a9786b0d472a0a4a45f4c21bee34e46beee17acf8cb2ca0c86', 1, '2020-10-21 10:16:39'),
('2027ca7fd6bb40e8e87258581faa74ba41383331df5286fdb8b6869b6542acc7f2dcf937a993cffc', '437f464687a6ca7d7d4deb8bbfd9b2f5296f621eb175ebc7e4b721f23d99cc7d991f7e983090e3dc', 0, '2020-10-23 18:55:07'),
('216685dc790a9feb08ec1ec69387fe9630b6918cf020f944f357c11c0fba681192d7aa7e85a361bd', 'a8c1e885c5decebc63791fc7a874a3bc23502d2afeb3759f63d2507f624bcf570df6a30e6c4f209e', 0, '2020-10-12 11:37:58'),
('2234d9bcc05c22f76e4fb660d8762f2fd575c57b0a213738892ff1add22c489aa7254abdaf3c2294', 'ebd04f49bf4e5bf6279e5e9a10fbd88e7def1e46f8e944fcd01d2a4cc7cf0620a8f68e9fce698ae0', 0, '2020-11-06 11:15:52'),
('232ac1791214a86de0c2e3279949f2a6d0ae2d57da60aafc33cec030dded9b0ee13a01efd064b1b2', 'e90463d23d87afd39838c5787c73109a4220a027de899b487b58173e0670d0fbb75bce78360240e5', 0, '2020-10-29 17:24:06'),
('23a40e94f4cbfc151bddce61dbe07029f1652816f500c8e0ec63d74d7413bb8d76823986eefd98d2', 'b0c880652ceff64bba3900752032ad706bdf17e0fd3a81f63a51f14a2c08c96bc46252c3111da77c', 0, '2020-11-05 14:38:02'),
('24099ca522506188593d0ca18dc880893f8c488b8f1a165b24c62a888d0632b8200383dd149c7b95', '6fa4b1fe749b20bcf817780deef4df4c123585cbb6140c34b1b69b25523cde7c098472fc061c874f', 0, '2020-10-15 14:44:05'),
('24cd72c14a65db621d355ebed09fef819ab0dd399cc00d82dbafec6bb3efc43d16c835c09545fb05', 'dcf0d9083b470d4d3c000a1fdbdefd73f5825bda8354b468b3280d918a987556769216708662f3e1', 0, '2020-11-01 10:07:32'),
('24f2c006a1ac8829d59e1bc08b40be89a351d17d803140c6b2d6f7da898f3eece9c9a501e639e631', 'e4120ea4b2cf15119b58ed5f8d7f2a99dfcbb1ce6a475c4af44bc996c462a51eb5a6b0a729df57da', 1, '2020-10-22 16:21:19'),
('254e21e9ea50a6df0a99537233ba73f2f708444e1c30ab44d6785fc20e7e5b5c30d86ef3fc58dc61', '53a6983396e0b5a5066ad724dff36ac3d54ab3bd4f20814f6e70a5b7408d1eecfa2713113813e277', 1, '2020-10-28 15:46:38'),
('25de3aab7ed599b3e0f5b3028f00a3901f0d6bc2068a3521206b6d449595b6bfd9fe0b45715e4979', '17572448e4bc5a0bc3ddc37c9d1be47dcdfcf1803402428c215d5bd415285d35c147383be788aa52', 1, '2020-10-15 16:11:42'),
('260127a06f4e5ad6e7937dda5f931dc7fd6349eb8d71d58e6dd45baf0c40ae27612e4bf3ee83a74a', '4b6248e4412fcb98e3f5140673656ed4d315dca3a51c1087416eb7993dbe8f9193d860ba6b0bc8db', 0, '2020-10-23 18:26:19'),
('2701116ebc846a59d95f10b1d7e44975ba7e253570fecab6abb825d8d57b398db5b594c5a5adaa47', '43c86380b9c11d5e9383e4ec73973f323eed20e785eb5c2f6fccae1bbc6da1d9284fbdabe776a26a', 0, '2020-10-29 10:16:54'),
('28ccba336c41dcbda8e41697d62771ece5ca8105f38d96c63a7d6ca2c98d39d0d8ddadd11bd33351', '38452e4233bab52f5420cd1dfbb6378e0e0d7670aa031adb9e11ceaec5d31b3c8ec121783872572b', 0, '2020-11-05 08:37:31'),
('28d99d2e800e67fbcdd81bdab93903306807729792f1a96e72d340421bb1062a0016608521f36efb', '0172d16794c4bdc7ecea60f601e0c08057e568f787534c24645ebec4643ba56924ad206c5deeafbc', 1, '2020-11-06 09:24:58'),
('29c7812892ffd958b56842852998ea9d696d02445aaf630343d2a2e81376b03ef4bd266ca4b912e4', 'b98c3681d0d8457529761299aab424fa159648d3b2068bde671f5181abd9098b53bf14f8a690b139', 0, '2020-11-06 12:08:04'),
('2a49db2bcee00cf9c6f6d324f0275d60a61bf0b6d80d614638993fb2bde09a29e32a1b3398c3fb30', '1266183fbb5bbbcbec0f8c7de741e16ef59514832785692ebec2a856797a22637cc70c4b27c323a8', 0, '2020-10-23 18:26:33'),
('2a644b211f9b0a6dbbd3d46eb18809833b7be94a3cdac89415215c00d4211a01f14c8fd90397095f', '898b39d46b056d20ee9313473298aeeaaa7ce2b86e164298e6d3de24d804f42dcaa862a6e62633e6', 0, '2020-10-23 18:08:25'),
('2c218d47379c043a32321be687b78aa2fbfeb2005b1db8e4f03ce680a34bba23b6053f03576eaf60', '97f3ce983e5c3b013ff750492e18e719235c1066d22f11c42c7955451ec60573e2427c4bf4be3c7b', 0, '2020-10-16 18:56:41'),
('2d9287935c853601eaa65903c8e89e367ddfc6c8a3725d3e626ba0929353977c296d2a07f161d9c2', 'd922db79ace1e8143bcfcdd47780c0a5704ed0b39fb7ee67abb4af88f7e8a642809d227bac373d56', 0, '2020-10-29 10:15:32'),
('2ef2b135d059b2d39792247ba3b629e07cbc6c7148eba7c4c68af4dde7c3e10f90161fdcbecf4eba', '7e9d0423dc6f2c807dd497d906260a80ef9129db3a66f52e6f3a28b69ae19e886cde6cae7d6dcbc9', 0, '2020-10-23 18:26:41'),
('2f610b9c32591a579633130fb11becebcd4f5e6eb9c7580cf0a96f300edabcd66f551dd138c64cac', '948b522b96c319748108a90aca52fb097dbb4eb7274b760b7ce66bf3c02ed96e797836e309bd00a0', 1, '2020-10-25 16:29:58'),
('2fa7e903be6e40361faaec45c2fa209273e9ab24f3972bc0bc9f2dc8036b0f9b1373b6d7a63a2c63', '9a392ab89dafd5df73ba42bde917e5584aa3da5a2b41413631cf01c3afa0ffbbf0fca984d33c5512', 0, '2020-10-25 15:20:55'),
('313c6c782bde490f6779d8d8e9e50585048b5582f4a17781cb4ecddba58307d7eaf211417f8db587', '0cab09e80b026bc4b2acb9ff5176c21fecf90c37cc2e5f66050daaf7e11642f2af219eadedf46950', 0, '2020-10-24 11:19:50'),
('319884f5b9dd5efc8ae8731948f9a78e3ca594efdb7f5098a5102485ba21d152f259d3dbbc4fce2f', '3603eb4ca31c0bd10eff9310ddcd22cba2514cff105f671104a65610deba96a385cf713f320c197d', 0, '2020-11-06 11:24:11'),
('320c2d38737976a3addd47019e17fe64ddbf2d0b0dab43afdd2ed0e626ced4810e4c3d9a0c31369a', '31771991c2847f6fa8de12ce090c50c3bb8f8c8e90bc11654cb73b06fe56c7354e24958867c06058', 0, '2020-11-06 12:07:18'),
('32de88efb509d149fb494a3a10105d1085f8c1721674b18842c81e871f71d68554d8f95dd385d181', '2da4fe095d2246d2bc79f54facf64cdb70107e5c89ad678b6bdde2b1b2837cc2f6431b6d4217aa21', 0, '2020-10-19 12:10:10'),
('330919c7d7242f5a5f82a03b4db286302b6fad9e1eed07f58e32730f9a982d673c03bb455af48158', 'c844f1fef34a60a10af9f1168c372a9c5ad201759546e033af7c5a6d27b551e2d9565f42800c81fd', 0, '2020-10-23 18:05:07'),
('330a91e22a603428707e759b9be7ffbb3f245ccbf6edfe82927004a9a0947107e180f7a150f58e8b', '806231849df67d4ad309f8d64fd07a8a9da05ae856ff39d6c38f2cc054760236b1c813cb74442b12', 0, '2020-10-24 15:54:19'),
('366b0e604501e409e499ed28453739896a8b554f443ae190026e48f7ac384b299cd7fa31684b25a2', '7a00a6fb92fe4669d48a8689c9217461deab42156e695ae9b44197482fb70baff3990df30a173fdb', 1, '2020-10-25 16:18:56'),
('36768cc383a0d8279e2aa9a7ae88f8a67f96136c8ef583bc8a9b68b2854e3cc1508c5239bf8ab476', '9a899c154b4db0d5bede9596abfe52a9623e7bbff6442b4236f23e15a84c136e71e172edf693f884', 1, '2020-10-25 16:32:43'),
('3677a691bc7a333a542ff5224be3655b4f08424e6399c2f14d70abc101fea2e9c13e69098f7b7bf6', '7dad4fdfb50e874287bda3e62912cedb70c03cc37dfa7accde4569fd39633f18c7c02b6fc002e5d2', 0, '2020-11-06 11:13:37'),
('38845bd44dea5a2b04b4034d0c153cfe130d727c2c8f93e91e8de01654ef69f65e5fb589e544affa', '0b09e7b346731c8e55085a99dca21dff09a1b68bb2199377a0e931247ed89ebfa9b4660e231da016', 1, '2020-10-23 18:58:39'),
('3a3b1e855ecb9089f4c5b95002e938b5b0dc6adcd5fdfca7f0a46349f4469908a3d17c103714448d', '55ad5333e14c032ac38d51f35d9143e238bf02ae99c35303ea2b91d5301d979760941c1f87fd861c', 0, '2020-10-21 12:03:56'),
('3b1dc91b75c23f4eb90345b91c0aaf5bb5e9e4113db660645b96c63c665ede92f2578a4c6642710e', '8a309c7b3c11851dbf08bd3f29141372a904243738e19b733f41ca0c7db4b1926cd2c3b6eef4ed74', 0, '2020-10-29 11:04:12'),
('3b64a221b6af0af54f0eaaf661f955802283b32bc79d828ca17266d46db4d15419e5c3bb63b1a2f4', '89e873a830b38edb758308f18b727f9a62670fcb1b481f672f14440382e22b5d3ac060528aeb9e83', 0, '2020-10-31 17:01:12'),
('3c59a58083eb98fa9e013379b8dca742cac7dd57524fc7894fd0533ad9db7b8f1ecb2332e3ea0043', 'ba16369d7f974d24cec22d40cc6503bca7a1d6efb8b8c0ed985475d7b9ed04929e2ccdd91c41e443', 0, '2020-10-12 10:55:16'),
('407533b618900dba91ce5b819e49f5892f3c808e5e9f4d60be172f5dc8bea7809acd50a9f30d2c21', '9afa83fe99b87de1992010c1bb7ebdc5df4379ce5963ffd51ffcfa4f0f77328b36c810aa14566e20', 0, '2020-10-23 16:43:58'),
('40d1c9dd524d4034e45b16562f41d4db1bbe8d7d7bcec1f606041c38c89503bc4a6b05526b4827d1', '614532a0ebc99d9ebad28801b91d1b7b7a75b4ed1acc14debb7c3afcbf3ee371982eaa9e7d6309ce', 0, '2020-10-23 18:39:24'),
('40e1997c21b3cb86dc29fe4a9cc95a8de57ffcc6b2abce1f1a722bffe825d1dfa0933870a773e427', '0fef0bb00694e5540800d0ec1672e64dab147047f6a3a45ea1080ac42ed40c5ba5cf7a8f5a7360c6', 0, '2020-10-22 16:21:31'),
('413b4abcc0c6244cb51621c1d1457d56f4f2a821d911b4e3135aed6bbc44451e52cf54ea71e071cc', '3e454ec58228645f798269885dcbb95e2b877e308444073c08a62995c2235c9cfb69e5b14df2fc76', 0, '2020-11-05 08:58:21'),
('41cf4f1022f3190a9cc7161567187ae7cabeb8f151db6f1e401e9248f8a3bb587bb9831fac016f60', '08aecda2cd2b27cdb092e59ea809fc7a49fe513d1926a93b207bd1c67ac4e689b84c2199ef251148', 0, '2020-10-23 18:52:54'),
('426f871d919e248545e33fad856d20a354a8479030a1e3013d66ed8f77d41a10d36374bdccdbf153', '7970b800aa296ce1798ebeabaab790a26b8624360ac3452c184436419d6bd7ece079e59a817cd2db', 0, '2020-10-25 17:03:19'),
('429337d6448c4dbb9ed8f6dcfa8b2718f54bc73385b549926cd6319f1d989bec79e8713fa453996e', '35d85c517adab86290c03c2802d1e057d7f44cb249d523ea80f260be739f3b5d20f0750d8d6fd28a', 1, '2020-10-24 15:21:52'),
('42e969648d49bfb253b20b6ee243cd9c9ee21f4cd9f96cdf9775222f2ded8827f51919663f1dc295', 'ab916cddc6e02b89a120e5e5808006bb7cc99d8c0bb26271a9dd705079713d794ef006ed6d37bf47', 0, '2020-10-12 10:42:57'),
('434d927c24ccea7dc74110652d8889313f638e53a0d729e6f2235b84c3a39e6b55f91099941bb050', 'bb25ef0934755ff430214fbc4483bbd4ed7b64720cd91461c520a8f9fc80c1bf4318670dfcf6face', 0, '2020-11-06 11:59:52'),
('43d66f9837205b8f4cb7133efb3a5bcf8f65972ef4a04cc0a6bd173a28c8cceece079eeceed9ab34', '9dfabe820583d91e37a28f827bacabf7125a4e01ae3b8aab7d7e2f853d9599df8131bd574e9da7b2', 0, '2020-10-25 16:19:12'),
('448021344f204b609b00bd1bc29a7341952869c1f13b936ab6169775aa0c4c37cd0d7950068734f8', 'a7ecd21fd580de79d4a56b9a3b80b106e728ee0732504e5899428e7d3698301a7d711523e3c5f74f', 0, '2020-10-29 12:03:17'),
('45477b35877416198eaefc006c07833e66a099d6f71ab338b17d6aae6aa4b649597c72f6cd731a22', 'be27572c754fbb4efa0e53c6dfd79b6a0806ef94c92076bae6c5866b65535ea64f35a059e84c55be', 0, '2020-10-23 18:26:29'),
('45e7ab748f289a288e57c13e81896984b7049bda93ed7ca20fc7d7de4294d987caae2c377c5ec064', '4e8326db7bcdac61a86a60126219b1bc2d69f73b5887d6373f910fb113b65e2b3334b980f87e030c', 0, '2020-10-21 10:02:55'),
('471edb3430190ce598404d83922cecf0f3c3f56a802d84a6a7d7393ad9328ebed9e8d1fe1ec85b2a', '4280a2e64cfc6adf9b9511b54cb4d7326161f480796678bfbbeae078040aa05af826107db2fb97ea', 0, '2020-10-26 09:39:04'),
('477de0702040d31a3ca96eaad573720d91480bd98d220d0798f998d38127d2239915baa4163d5ede', 'e038cc884b6b642ff955bd51a86b635811ebd9a7acade7394678ad79ab95aa88786427a5c7baf28c', 1, '2020-10-21 14:15:19'),
('486efdb2a4b539ed570b60753b5fbd20507289142c6976191fbfb099ef86a498a077f99615153a0a', '31c709a7427fe892a04649c5bff6332d32c5b65302044e8caab586ed20378bcb47e8438e17eebda1', 0, '2020-10-21 10:15:29'),
('497c3c6db5e772bb7051e236e4dfe3d28a640e1c9d7a0ae73ab8d1a7221793d4ff26740059bb0646', '003276fedef191c4adf864fcf392af171635f1cf9e9032c1786fa2ea17c9a9f366074d7089fd8079', 0, '2020-10-15 16:17:14'),
('4a9ffea402a21f1a0be4365b2fc636bc6e1fea81eb4b3d86d78a52d5191c9ed1b13faafec3efc8f1', 'a94e6ec35d92a4c8791863ff6bf3299791a11f5a98210c02fdce66346cb16abb7a8b566248b0b1b6', 0, '2020-11-06 11:42:23'),
('4b2a9c74f6c73a964494e2a49dd97bf38008cf20f1d17e498e35230cde2d4c87c826d154adca2218', '1c1002ec4ad61d3177f39c9bfe3a22c9142a629c4110266740bcf63d62e0a9581373071ecfed82e3', 0, '2020-10-15 14:42:36'),
('4b77c8005058356ad0dd4c57f6e658f551a0ecfc0a44494deb9196eed3910eab0131ece9be3c1787', '6679e9774f9846e34080b8c4bfe9114e505c2b308d6cfc0fe3c4d898b6edaddc1ebd8175f2ae7786', 0, '2020-10-23 18:53:31'),
('4b7902ce5a9566ed68af420bf09fd9a7cb1b28045d99f5e014704dda631e046d36d6bbc057c8862c', '9293811a915599b22d630870cb1337f43255a78077fec691fd4e12a4fd4a519a553f11907ee44f4d', 0, '2020-10-29 11:27:02'),
('4c1698682d8c2aacd03ce8f4e3ff38d285f0d815899111c2d984da2d84d124a45e749e8c9042d7b8', '35b2f7028ad8ebd334efc2990caa6ed2b271af3ed50c2b8787406aac82672cfea21a2255f87931ab', 0, '2020-10-21 13:41:06'),
('4d78da4e1ef674c04a12f14a1ca37c8758477357ce769fea6df72a1384589cdddd8b3766fe50708a', '57cb813c4ab3130a4fc35b6f08390149be41a5a445b09b144120a3dcfb826c3092fa1013664fb0f9', 0, '2020-10-25 10:37:55'),
('4ecfdecf86346ecc71fb017b16fe408d0837209107e510144407c34043c30991f5bab66eafb6c0ee', 'db9081d7ad77d9609a11d13be8ef610bec3829f4c3506820cb0393a0afd082bd42636cf6928f4b32', 0, '2020-10-12 10:13:51'),
('4ed1ea8470853fafd10d453f7466d19bca5b411377089c2e99c3b9a5ede722f77f79527df5de22da', 'f31ef54901910dbaf980aa23b8b8a1e025b3a9420b5543c2743271d00ad5ba803f02967a7f4a2c7e', 0, '2020-11-06 11:14:12'),
('505163bc459469b6ad833744102fdb5b054b0656b96f23400212f7f8e053a3398b5610ef97de39d7', '56d1812794f605afa24fce8d37601fdc0e011cfb1f3081287352a326cbe993d9b149c80db74c25d7', 0, '2020-10-23 18:15:15'),
('5172d7b16e5a224df4fc578df918adc6d23a8700422dfb2c405dd3f0ec8d57be36fcede22b7c67e7', 'a383e056d6013c891d8a5b71942b7e55063a6098fca0e5344e8e221a1050ffa14e40f7946939d15c', 0, '2020-10-28 15:49:40'),
('527caf6a776780be0f7dfc2dab57dc1f426c6a831348246836ba963de568c0193c5bc4da099d5484', '079110a2c1301cb14a57137f00f4334141b164775a384fcd5c9f762922778954871ddf8f5e834b11', 0, '2020-10-21 12:07:03'),
('57ba7a7572852a4e179142169c7bc36d7a56749f68857d96d8d90c9dd47063943c00e0b07fe06504', '0875e6ad6094f977be4f28cdebc466fe99f2c346c9ceabdc9055b5b21ee9d670a4b5f5d8f20a15fe', 0, '2020-10-12 10:07:09'),
('57d7a0d0f0e8fcbbec44593abdadc83ae0c5c7c26e428a0e36a926c803aaefb548e9258f78ab19a4', 'b524ebebeaf2b328bcf74ead9d31957ad616be592e5ab3c89071cc1adb7e76bd0ea0cddd390635fa', 0, '2020-10-23 18:11:10'),
('59ac8740af0dbe70aeaaae988d56ae3ff373ece14f3200bc8d2444187fdeabce4be8b741d5d3ee3e', '4e6670ad7146352932d5d8708e597931250148abe503e16539f3cbecbe06cb5adb5dcfc9f165c916', 0, '2020-10-30 21:02:47'),
('59bd9e9458e6581f4acc3df02db381abc954a95de229b9ce641c5c725ca55ca24492020547a25195', 'd2e3f95c8cc4b0b080a80942805b78776caca23842b0581e4f3b3bfb1d6f8e6cfe5c170fa90abb48', 0, '2020-10-16 15:27:48'),
('5a51be08bcfecd6234cd943c8f7352301f365795db7cdefc6a06460d840e634cfca5482b42edfbd1', '69e2314114a22b2459ba28faec4b3800672a9f5f8aa3a9328ee0b571a26ac1e8ee0fe02e55995d30', 0, '2020-10-23 18:15:53'),
('5ac072c996b3ddc900d5b2b57dbb895cd24a33f749c024df6ed1a49e14da9acb43b373dec3ad4e4d', 'ac2ed48d91cfca3198f226b3e3c042db72aa5f51870bb4891cfe57fe86c246134139c275d49ac0dc', 0, '2020-10-24 15:26:43'),
('5b2babdfc3cf31f6981e23a76fcd944c949cb946cd028ebbf845e94f11518a21e6335281c9738253', 'ffcf957c0deb4f2a98e77d3933efa76f101b6d4f54d8636dc4ee0282bdecb6e255d747526603e912', 0, '2020-10-16 14:27:04'),
('5bc880217eef848cb9ba4272d41b79740df0aa8586bb95394813e369b0b68cfb30f5a230cf38f9f8', '302fc1ed91d795879521ee19d4e45a16fa786174005e3b63dcfaebee72a88025e6b8d2bd81a0ea30', 1, '2020-10-24 16:14:14'),
('5be4dfc1893327df3937fc39d9ca9ecbe12b06ceab07de5f1fca4533f82195138291e6040339e210', '43ef0e4a630b4e1597c4ca2965c85a78f8fc10fbfc6df35fafbe3e7c89325f73f53933dd4aa80b2f', 0, '2020-10-23 18:10:44'),
('5ccda58156a4c84fa8e816ce621fb49eb950d6f91ff146053d7160b66df6ec317f8d04cd57dea449', '5f76c28aaaf3256e96f21cc9cc74bfc534ac198de816ef807edcbc8968fb686944bad0c1bb9c1e89', 0, '2020-10-23 18:56:34'),
('5d9ea77a929b5f22482fcce2e55420c430a61c5d76eb952e385662352c9f3b3610fada25ae0e2285', '636443adad6cd0bec0a1ff0b547ed6a71974ffc7cf0e4540cb5abfa9ca371c2b5b938ecfc0facc51', 1, '2020-10-29 11:48:24'),
('5ded63abe73be33382f7ce4e6478396bc63327c6ec1ca9cfaa8be01d978c318a3229aca6924834ba', 'cd754eea663921ce6631220ed3a133043bf2836c1fc624b3764b92963fc66bf8233a92ca391e2ac4', 0, '2020-10-23 18:06:16'),
('600fead0e22796f64890471199ca95cf099036e3b762ba6e962a89e06749ea6f49fde70cb12056ed', 'b5470b643fb7d6120773a9ff7a268fbee2c6902621b5ad50585539944b571228da7bc3a10327de25', 0, '2020-10-21 10:06:00'),
('60394512d82915790ec55fc3ad25ef898917f91cc09427a95f7d55d0179c6889aa34149addb9bd30', 'cd15ef4a90b9f926914acaad7b11974345f6e54b4f67a15693645874e167b03f7f3cd05a7031692f', 0, '2020-10-24 15:51:00'),
('60d08ab125056b55bab21d83f8e2287d84694d1bec5d94a8fb9f8c8f250b28abdb50b78f8d4c7a21', '5a1c759762fd8f1d6b1754c4306589da8f412b96f6aad9a9045ef0a68533ba280abe0f0456cc2ff7', 0, '2020-11-06 11:47:29'),
('62e2b4e5636adfa1c84210c18c1ef965eb58946d7b30de7b068dc8d30ece3de3b0a83f56a267d8d0', '86f2ea5294d783e9829dac8d6a7b3b92280cd2e75f1663348dce7e1d5a0842c1ffc7beb908f7bb84', 1, '2020-10-22 16:32:23'),
('638b2cfc5efbef33f1e64e299a9929d365eaed199ae4b7a44e8dcd79f40d6c31a47e10a4cad2b7ba', '4107aea84d94dfc9e996d82cf731a469ee84dc3a7685d0397d6d52f9c63f1ce0ab1c3ad72afa8fae', 0, '2020-11-06 11:58:00'),
('63c0b4c68742240e3cb2e10e7f128283357342241c8f80bbe3ee173731fc43312b99c765262cf4de', '8be0c8ed0d0bf05b7cbbcdf6bc897ee73c1fe41707ac0241ec9559695921f27fa64ce46866b0fdc8', 0, '2020-11-02 10:38:00'),
('63d4a938fb281712f6613e1ca47ad18a078b1eac1013785bc0fccee63cd2fbc01cae827736c27202', '127aebe57c750ad64b583425f04a7b7772dc4fc93fc3dc091d9e4a4b412ff5a2e10ae7e5f03dc5f6', 1, '2020-10-25 16:29:02'),
('650e90c57f2067022420b4453017d1bb3b5c57fea3c37f541126cd88397cd56a26337ad57c6024f4', '1931386c83b096d4a0d7967d0f6cf1883f490b2ab9a9e009b2c650b3a984693f4cda01c7dfc05e41', 0, '2020-11-06 11:52:55'),
('6569fd81ceef218d79ca12fc31f365ada6fc13dab43f6cd162cc8d8a6ddbf3daec8c738148f3b055', '678bf0f9cb2780a35b22ca11edd06145a0a804a7a9688cecab561543f372c2284b5952768c7c1769', 0, '2020-10-26 11:12:31'),
('65a464d97037ee19dcb6a7ae20007fa0b47546652c22f3a46384e0ad39b8dbe80fdd663b8e6c1985', '7cd8873716383aab817467546b704cab2e37746883c17c6a530af0ca73b8ef96d14b42397ec5a038', 0, '2020-11-06 11:50:22'),
('65e9dad1743c442e25504fb482b228ff604e57216c8eede16cdeefaf34072565903702b328133dcb', '85bbd29d3f7220e5cc2f358e6594252383e829a3fda3d1aa3a455e2c943fb016d2f373824b8989d8', 0, '2020-10-30 14:58:35'),
('65ed4cafef5bc397e0aee7555fde1dce81ce426086b1216a587496bfd8fb9c74fb96adccefc06059', 'fe346b4ccd783a504d91f2525f3b4a1421b8f29e1dcac690ca45fed79804c9b0cc58476cecf5eef7', 0, '2020-10-29 15:07:52'),
('6676913db487bb411bce56340e8630cde9ed0447b510a5c9ec8e7cd2e027b713dcd33dc5dfef7624', '7c88855002bbe88035053f475d685853634bf7261bf08e7e9dfcbe020a8a593d1599edbed49e9f2a', 0, '2020-11-06 12:03:00'),
('675c82d26f32fdcbebd0c25bbe597d571e2bcf925bae1c55a710edc8d95ae977acc70f2f8e8572ff', 'b26da359403103cabf3aee2550b2354524989456218107189439a4e4208005a72ed4546926674ee9', 0, '2020-10-15 18:19:01'),
('6802fd1c77dd9da0b6558e090257aae181ae4836a8ec2128203a22d22d5e873e6ff7704c3a30b1e5', 'eca914ce0825e98dc702cbbbfdaf873e4960f4394bff07fef221651d7015f88c9dcfd6108637bf42', 1, '2020-10-25 10:40:54'),
('6ac7fa84ef504f67350dad8aab7d122c547e7c326a4e326de8feb92289324e2df400087b2a66ac62', 'd8f7605fd4630ae45a281e7d549e7c1d94bd85af4f40dca6467ef0924d3fd4969dd81a4ef0bf426c', 0, '2020-11-05 08:42:11'),
('6b084415ab8625feb52cda4de49d47e24a62c1d2dd358552215e836cf480b774f5cf0d749a499b80', 'b8c8234965322a6b244a47ece6b45b332b2a5aacbefb915f96b8b1165f426307823b1fc8cd378600', 0, '2020-10-29 10:29:54'),
('6b175202b971ede6644db027db08e58bafe9f1465f30a617836a7fa4c6af44ed0e12df22cde8f66e', '18eec956ea7f9ad4c8546a9c3eb501efec12aab2c9e57597aa13f934142d744848eae4f87bf003e9', 0, '2020-10-21 13:32:57'),
('6c8968608abdd8dc285ac56a7a113f4101f144022b8ff539af2e3f47916783156be44333056b24c0', '6773b217547a1170f0cfcff37930637f6733e2f71134fe6a164e5b0e8b821fef2ad33056e5614c27', 0, '2020-10-18 15:00:24'),
('6cb855a2e7cf63936596e50aebab141bda2ecaa90c5719679d01e9c3da3ec5873459deae63bb06c7', '5eaf3bdc0d5e66559f19ae3df9e49fe609dfe60a150a8c06db1e7d062f1862ee26aef4aa12632989', 0, '2020-10-16 16:53:41'),
('6ce8d3984dd09d3aa771f0b7f18125e164a04fc2a2af9a22744b24237b1fd973d0032f11c84837ee', '29772268bb8ee850618651735dd1c12165da5727a4d533b518f48ecb661eed4fbfe4f7f6b0495bf6', 0, '2020-11-05 10:33:16'),
('6cfbe35414b0413c5ad2fb04eb3584082de4ed97af9dc0cd621d92c0084567d4ff98c260e91abb40', '048da54530ac2c3144242360b7dc7aff1aac7fc0f1601a97b7ae6696c12717870052ba05b3fedbe1', 1, '2020-10-25 16:27:59'),
('6e0f172c5495b7bfc8f492d590f11980e785e458cae4165cad90fe65dd9381f89a14986b031b4390', '2516353acc7564c73d7d163c74dc4d747f82d79e4b4f8ea0c567a6d8a0abad672dbebe33ae29035c', 0, '2020-10-16 14:28:09'),
('6f14f526962a37f34a13d0f1aba617d2219236239b1dfdca0331881224eb9814bc11a54c72aba192', 'c298305fc5903a5e7e279084c1345ba79bbde940b9388401a99e8fc81745eb11d35253b2bced69b2', 0, '2020-10-16 19:01:08'),
('7114e08b8d5fd48558c90093112fe71aed2f2188009299d99817bc39cb7f1a1abb57e7e84eebcbdc', '3e49c6cf59d040e03eba26d62030fab698ca7c66ec68eb9024a2697983872e75e535e867a81f4d6f', 0, '2020-10-29 10:15:21'),
('72a68e6234d0263cbb9ee4be720c35c514fbabe280146c63c368a9e5e28971c7fada15e73fbd9bd8', 'b82ccc5992aa84861e722567f9ff78e4720a619a8527d56f74c035fe278e9abd93f6193d2130453f', 0, '2020-10-25 15:14:32'),
('733ac44f5cfa00d3240a54301513d711641626ce4bd24a99966aa6d5a581d939bd5c19bbd761d1a0', '9a12d7b27f614d7c03f4a5191869b305f271fa62ba3cfb8d30e378c96c80b3b47d6ad4bbe71e6cdc', 0, '2020-10-29 09:09:47'),
('7401da969251d5269795725998fab891586c329b8a6e9810ba00ac006521b29b87bcc5ac2d04da8e', '76a8c5b6be2acebd3a3bf8fbd69b516c6fb997677212e72906416bc8376c1d3e133f415b7c4ef039', 0, '2020-10-29 11:03:26'),
('74adb20c66fabf487c40faafd723713afe3d7bfb6ae09a072e4a9707d49ce94716ad100fffd0ffc8', 'bc31c4e80efbbae2b17d9b9618370cef91c88a14d7ec2fc4a374f5d84fbb9d3c3afd0c1f5976664e', 0, '2020-10-21 10:10:00'),
('7596f9ed40fe441e1c74f8867bd81564d0bd87cba4a9c7428fa2080adc59a83f4fd448091b8b3b9e', '88a0af158f145f296c5d0d9bf11a5ce977e7dc568772cc5f41311237ce291b59e041b1b185193e09', 1, '2020-10-24 15:23:23'),
('78d85aa0ff4c6b9476a2932c55ff594f8268205c4397d9f41e513998f450074379706b01546d2eda', '52a601c22d6edebf9c2ffb2cc9d454dc246e980f92669fcb577c92b9507dea0ad6603876beeca42f', 1, '2020-10-21 13:31:39'),
('7931ced207e359c9558d767c9be22bb4b52020dfb5a99a50a138dedb798699d8b00d0f6b10dbcafa', '9fba28344421d2bb672655175e853ad66fd42119a32cbf34b41f4c2e4d28023695855ef7c647b040', 0, '2020-10-21 10:14:55'),
('794ab003cde03a3e6169744fcabaf69f2aded64cc6845e6d4f7713a5bd370ba764419d3eb86f6a79', '268c6fe61518a4b74a480b0131df858e079adbd3b6a2fe98d33cc84d4e6d248544b8448d263ae53a', 0, '2020-10-25 17:16:35'),
('7bde43955a76747ca2568477542300f8ba7e2bb0b5eb6d8444182319bd374c2159a5bdb6d8db84a7', 'd5c2022f290afd7fe2e2482db58f31cad4d2787c1499774d5800735e25c3073c9f6705785d24cf21', 0, '2020-10-15 14:41:05'),
('7bef086d8308d969be008d9f26f967c7c38401b19219dfaf47432dd6cba450f768fb91a1928112e6', '774ae67df1246cc6464efb01a0df6ace7acff2f459d756ea91ca3b36c128be166deed7ed2537b1f3', 0, '2020-10-23 18:23:18'),
('7c09ba38b2845b9b4d75642d6b3c3d7c731c374350c558c3a794282368302d5f3f9d9fd410442670', 'bec37c936f9ab04eff98b80b6be173c163cd05edc10b7eab448852e2d4fc68c0c8d523c8af9c08cd', 0, '2020-10-23 18:15:41'),
('7dbee44cb8bb3d8d9b02cb5c6f53b7fe3a810837ab7b0c1cd04b8b9ad00d2a78a20cbb0a03e88ca5', 'bcbbaddb599606b432298a0d57a93bee902516dc7d7f6234e0122f45a418b4221be8bfeba4290694', 0, '2020-10-31 10:56:39'),
('811187d4633f624695489e8b1ab993423f1303432715f9a5f6f5b79fb5ac0c21c8eb99550c982bb3', '612b666a355722b87ac581a1b91f77987d5062999e7ebd3ea5ed21c3b6e471a69622693179a5191a', 1, '2020-10-23 18:58:53'),
('8140f53abfbae6e7557d1bac20e4a095d7c0e11384fb02aab68641d2eb5858622efe225ac3c841f0', 'c67210efdbc2a62e79482fa7fe6aca0e7fc35e1f994ec6c646f2edb53dae39f22c51117282cb1fe7', 0, '2020-10-12 11:15:37'),
('819e107529f4f57a558ef7b7a1c2c0b0a9327cb7f6b5377bc194787f0f31b329497f04d2af373d81', 'd446236394cc7a738c23e98c9de5152a346d2896489e13e5938d2996b2cb0d74192420d6b663ad19', 0, '2020-10-23 18:11:43'),
('8282dd1865fe624d9a04bf5da3f664603fd4fac81d71ac3f96fbbed0d8f6e62884bfd9006391fb93', '8991eafab5b85418dac663995a876d3bbb62fdae9c0cc0641bcfa243866861b2cc8c0e5f61d5816a', 0, '2020-10-16 16:53:07'),
('82e8de1963d5c1d7c311fcef92e7a0352d021c97787e2348ee9019c83439a9b549ae169bad534a2f', 'b06b6afe36f49b67d3641cb7c5b567aba627ace34da67ab461bc234d3c61e56028aab23ce215c178', 0, '2020-10-15 08:10:36'),
('83186267a1e4be7be0e866869d330b3b300c55a1e7c39b800d4fc2e3038b68a01f03236b142d32f4', '5c3d3bd88761936ccb1befcc914ae32172a36bdb8b002ddfcf37fd14fb95909a0496f57bf035b520', 0, '2020-11-06 09:06:31'),
('840a455965add954b0017958d799c273558c9be6e22e046619a4e47829a5e9142c6f3517070dca87', '2b2a77f11f18fc9ac8d6d25bf6866f6749c307d050c242561c2bc35da0142d6611eb41e4591a0cd3', 0, '2020-10-23 17:57:15'),
('8472d33561f40ef54bbea61efc983c3e78c2c5ba4eab8d9d1f1d0c25b1ae035b13ba643e56e6e4bd', 'cb16f62a11b0e2d41bc71ae59164db0913c6cca6f42a10c0cb5a4f82516d3097e2f7d52f998333e1', 0, '2020-10-17 15:10:14'),
('8487c3bf5de5a425eba8d981443cadf443ad91177ff8ebf9d2468ad5ce56a489c620cfa8dce347ce', '4023575a1fa5e0fe473b358b411f1a66e0764c8e358c73a678a07b9685c89de93f2c29f8da01c17a', 0, '2020-10-23 18:55:41'),
('84b0e62fbc73e5f5c7ff4214d011c16919a8183d10f23bc9a6dc8a3a34cfaae0ec0bc4c085a7d7b1', '092fff70c2761278665d6c97a11eb6d0334ce83255d5457d634064fecf64e45ae764d8513e712c10', 0, '2020-11-06 11:50:54'),
('84ec112165c4edb38b8da99cd567c75a5d202efb3880192abb86050b2576e761ddcab23c46758228', '01e28dbaeb5da9137779b3539ed5f95441644fe4ce21899733d465e0da4a588697dea91f714371a8', 0, '2020-10-15 17:25:11'),
('85b3d8f1ffc0dcc2c319a6423bfb0f2fcd7165118f5ad31994c2470f04b1427478826dacbcb9cffb', '4a1cfb09b003ade9ef1262b6616e373c0ccacc3ba3766f659340b46bb1ea7ef95e68d911d8ba42bb', 1, '2020-10-28 11:58:34'),
('8814b1c3f643a818f051b088e28b487a66286fcf97e4d7a525a060d276c5d7aa9da4a984360b64cb', '229befc457d3dfb008fa84026f397a6a8dbb36e742f012eeaca0216f4ae31d7bf0bdf5e4f5b35fea', 0, '2020-10-25 17:27:53'),
('8a36e5a9c2b2eaecec8277dd9ebaa3355db012221d0e823b196a383a2567179138178ed13653a4bf', '335bd82e68799d8e8eb97b6e952b2fa39df9d60eaebccb5e162ecd335f9b326ff1e1bd7697876fd4', 0, '2020-10-28 16:00:23'),
('8a6a1b06265c9b0b30a2eb8ac772f7bbfe2a3c2c02745ff89ed4490e86b12f584f266755e7c92af6', '9a0b76141a529bae5c2da15ddd5120ba9d7c37ebff85b09dbe7f0042d2453fbbf0a853147c29556a', 0, '2020-11-06 11:44:14'),
('8b1e62c8a242958e63fcea0476c5f2140f663e972db280328dd652d4b3d9e37053d910edc5f3fad3', '5a55ad6a48d3c6b04accfbc67f9783830ebd31ee913f890fbde6f2fcbc8666d3bd2a3af72fef2615', 0, '2020-10-23 18:15:12'),
('8b4f141eb3011129da0c72cd79df6c1f010f9196bea3520272de5c1111c9880d0c58162852d52233', '6e7554d2f1b70a6918b23bd6347f48a9ae6534a5bbb1c6e4d18f98e5392fb2dfe15a91c186ab5c6f', 0, '2020-10-31 15:56:00'),
('8c7d3255a47eb97f40f8ba0d461d03233123e01269a1211fef7a381f56e784a4adbb591471ecdd7c', '27c4dafd3d04c92d521c0434b15db50a702623b46a8688c57db3c0805b0a97e1798e27649c497b2b', 1, '2020-10-29 10:10:38'),
('8d1cce2df049e77aa3957651784b65b1b0f6de14304c7d090ff2b9f81da38e2ea277a7958804f595', '6ef64d0d196eb76161dc4b5a560fbb8f510069095672a41269cf3cd7147000ad82024788cf95cfcc', 0, '2020-10-23 11:03:39'),
('8df37e0303a3f93e8b9412ac12cdcabd7c18dae5f3ac01060cea32f5e7082a69ca9da44e0e2b2cc7', 'a524cf2339f4033c1d0937346362f44b48f6705ae0ba3a0d2ac77e6079411522816d528d4a1b33bc', 1, '2020-10-25 16:18:35'),
('8faa5f8df7b773ccf09cd58b6448f838c357ba5079368c5913d75db132b9a58948a47da5e1be7b6f', 'f0ea558bc435bc70aa8d612ed85f1ab955109ae3aaed6fc65889f8c77bc693656cc9495634ac06b1', 0, '2020-10-15 16:36:31'),
('902a7bc1ec39c9926d023dfe7f1fc40d482e1b15334cccb678d62a7309b70eed956c71ee5722fafc', '99118ed8204a29f73c4a131168d943e53ca6199565bc056b194cb0f40aefc23b33426d5e84b04813', 0, '2020-10-19 11:30:31'),
('906e414d945e06a9adacfc1789946376ab559ff4295ebe46f7ba3cc460476c19080c02c1aba06cbf', '58a5919100c57714966d82f9bfa17f1e63deaa93c1d7e6119a1b0754aea97cf77319d33a534a0974', 0, '2020-10-31 17:10:20'),
('91bf80db1aa1432b2739c32c32e50779b774dbb2a7d3a5ca45d6f0449cde7129ecf10c9089c7ecd8', '64a6e182eae30f161b46fd16c52a183ae11d6071219058ce9b7cb9de510f7475a0e20fa635ec3c13', 0, '2020-10-15 17:34:49'),
('92fcf2112b612bebd761665aaaa638d8f216d8fccb56bbc74cc6ad286f25cdbdef49bc6c714937ec', '266ae5ec97620e23bdb802879971b8fdefbf8005be01f2bdbfa8b560c525aa0e41b5b3cbb3fff962', 1, '2020-10-21 13:38:31'),
('9348ff0a07e009a371906eb42095313151d8c6a5a07227804e62dff7dc261d27588c8b1592ab3842', '54f75012d8f4de78d25092d24b549074810be326191519bd3248ee75825a27686d5a64ab2c1ba5b1', 0, '2020-10-23 18:31:54'),
('93787608c7c3ca2c24a9e8b85854bee913306dc0904f0766fb5b434f3ed3407f5e830344a7ecd3ef', 'fd2e6a75ccbc19704cd05c835304df729299da0f44ae0a23fc12f6813ad50e1743f626353baea2fc', 0, '2020-10-12 11:47:04'),
('948f1dcfc045a6b694b472ca37b99a924d80d84c81da802f9703b9bde4fb4641d6d2a6c1f1b2e2a2', 'a440ea89251545ab9eb5fc7aa08830ed82a9613ad090bb7708982c6a4eb1987c904c397eb0e673ce', 0, '2020-10-16 14:17:32'),
('94ff952caa97a84c71e3974e543c9626feab13aac5bc23125c534f5f94ecad2c2e41384dd132987c', '08a939f7703d2cd28d437ed1d7ec31376824b21f53b9b3b0696fbf7ef20955d3a0bc19b9b98695f5', 0, '2020-10-12 11:27:26'),
('950cca4274be35c0f0323e818eb449c9129be1153ca49a457bc0cc2590198fdab2ad6e38147d90ef', 'c8858aac97f6ea131b11908dcb76fdbb661d130820953f5a6944e8cee694069fc0d5e39d6729a82d', 1, '2020-10-19 10:54:35'),
('951fb7d8afa222672a9ce3211433a85445e1fdf9aadbb42120c1c07da35fd163a47b334f905156ed', '6f34236ecdec28ce8b7a02cceae9a702d5c8c4311da959229dbaee18ecbd8657cd0fbc59f9952a85', 1, '2020-10-22 16:28:57'),
('963369a18252dc437fcdd70a6eee90e7880e5038d5c6d09c0e864b1aa08142e4687b8b0f426ae1d8', '971abbaeb85975bf45c95a97cc06acfc251f3f4a14de8e99a0ba3166eafb73d0ecc34615b209935f', 0, '2020-10-24 10:47:17'),
('9691796de206841fc8d18717c4aceb016748c0f675198688d5c7d8c534214271ecaef6aa82abadf1', 'ba1656df6adb04159b177175fb7a14d2e2aba54d422ac5cb48c8b479744fc84a10ceb8f9e21b231d', 0, '2020-10-22 15:29:44'),
('96d1a0d40825d3c7b798de417f1cfcc5fa1bbc10c519ee9a59f762b96e35dddda64a89dfaa6d7227', '8b4295c47161cc0efbbe1117af147e32f2e0e4535697754d518c5448338b12faf0d96d0a23e1cc0d', 0, '2020-10-16 15:39:13'),
('970c4731cbdc32d351817c3321fce7f63cf41b0395e1bcc426bb551a738159e1d7f8eaa78338d9e5', 'df6bf605f59050e25b72ad2e135101e04563a7ec94749ddb60bcc1533256a4f762b450511e26fd41', 0, '2020-10-23 18:11:03'),
('98327d25dd53aa07580605ef40e2f8c1587230dd13f7da6602befe7b9da821aa058a5ed398da977a', '642899ab88c99adaa24aff7118bb0ca807ddeea8c8fc52ac6b6682fc43489410f7bb5fd1843b26c1', 0, '2020-10-23 18:32:52'),
('98a39e1a4d494a1dc4af7450fcadb9f1e450f3a81fb5065609abc2065bb8283c4d562b99dbedafb1', '9824bf8d10be9d0fe14c3dca3ecb8e0d32719954d222cf26eaf0a9a7b854681e7423114d42e4585f', 0, '2020-11-06 09:09:17'),
('99967decc17b3c06f361c360df5c92a2752b25bf4a9cb3ef1258a1d04fe360afa5b2d6e2876cc5f5', 'd543caf84f7c5ba8b376b94d03c3cd054a548f104525d2232e2764d71236e16641b27f59f7a5fc66', 0, '2020-11-06 11:48:39'),
('9cbd7ed0c79a0da803be051fce454626a3b5aa2271c81c1f567f77fd8757cf14e11713315b915597', '4d6e6ac1c89ecc26cdf825a7e16edb38a90112b807a3061eeaf68e75fe5d30a192a5a549ff1fd341', 1, '2020-10-25 16:38:02'),
('9d2ab5181ea9c5b678485d2bf16d0c7f9914fb5c68be176db00c7e36d8a65b93b1607293b6604d03', 'd7155a9de19d271c736edc7fd8d154e3fc6feebaf6ad9c5eb74bdefb6c707ca5bc5dde31f43d3cec', 0, '2020-10-23 18:33:29'),
('9d560e84aef26851e5c168832eac9807475022b8e2c0af79e186521ef8802cce28401fd8b19b905b', '3bf775fca87c3ac29e1c108e5d917cf0ef3867078e63832115c738880f201dbda5f2273b9396fc25', 0, '2020-10-15 17:46:38'),
('9ebd2ccb87d3f72dd1612e1cea243273358762d9657277362d92d04c1b3f280f8490d8a7b546a775', '510cdac8cdcac9f18fd719edee6e608edfbc742102a92ec1b5c44cf5584b83878babc0ed0c137428', 0, '2020-10-24 15:30:16'),
('9eed83bc17891c6fd284254ec317996cd8519ea84375dd7c321ff023d8c86d2ab3c4e63a80ce9f50', '72f02d2a993022fe97edcd567701d6d6ccc5c0e827be00d9e068ba69f885932d17ce2a2633082789', 0, '2020-11-01 10:33:16'),
('9f2766981adab7b813db0fd8a219de28f405e25f13709745ba461b994bc0f16b2d5517cb54592c76', 'd28af264e374f239a95bb39f2a864495682be010e42362c9f3dc705a8cd601d9e9fa8b05db2ef36e', 0, '2020-11-05 08:59:58'),
('9fa3bcab33aac9bde84f4d2620c5baa8e553450afcb3c0d54d5b97f205f58b1ab43091a63b9d52a9', '68c564f289ad77cf895ee7c1760a4c42d6679d3dbb7a38067624c137e967d8d48c3a094c61915e68', 1, '2020-10-25 16:22:32'),
('9fb12c2dd641ff98c39850e91f1dddf5119a85e12b3b2ea2a11b2a2353c28e00494f1acdbceb101a', '4092ab41a1c12e99dbe0dd936d2e3ef7d903363ae40a96b204d5e92b55d41c0a792b7264a2ae4be9', 0, '2020-10-16 16:07:53'),
('a01ce0f9e26177e35617e12e6dc2268d5028b23851d17ff2a410616f4aefbda602d32fc0a672b98f', '00da64318a347732e93271e5f0d229919c84154cc6eb8a51d82baa38ef42b8d1f3e1523f879fe298', 0, '2020-11-06 12:07:47'),
('a0349719c931e85a2f06edbd8cdf046c95c9b17825ec1a85b8262cf5b9bc1d615b13315c242aa576', 'd52a6a2ba7962f663bc6e62744dc9c80c24844207bed72ac278faf0fc7869b82a0c68e1604b12803', 0, '2020-10-23 18:55:22'),
('a23a276104d34fdcab91e50e0eb84b999d42466535a3b067326becffc993f266395bc8b47bada71c', 'e2d689b1892688540f381e4c4fd85a11d0bffd1aa7de7b3e761e161f9698db8f79e4785b1228fb86', 0, '2020-10-23 09:57:02'),
('a2ba9743adf8ff46ba3afd2a6280d84ab4b885b55cc78f01d0a164ee9326dd4f3ea4912059061116', 'c8e72950afdbac8ba543bc8d69fcb8c8486d36f202ff2307e04e56e3fb1b826b1f2e93d780276643', 0, '2020-10-24 15:51:51'),
('a4c1568823641857dae372800e16f076a3853b42983923129281ae024437ac2099d3621900bc38a0', 'c8ed79cb2fe51f78e111d3a8bdbfc02839e98ba31b00acf77858ab8956c9bca09ca779a630e3b9a1', 0, '2020-11-06 12:00:10'),
('a50a6698c20336e3d1fe0b5189aa1015f3f66174203a90075eabf17b166142f5615c7144e1bb009b', '9189529f207dfcee8fb16f1e7beb082d81f7132a745de77c58903fcf75af0d1266713d2889e3b258', 0, '2020-10-12 10:41:59'),
('a59e85e2ccb0f1fbb7e2f8167745b56292978057b18ac80f4f079b0abe945b16333d9b9772a58458', '3d5de46a6cc828c0b1fcb155f3bbadd59262f9423828fe311d1b0c61dac3a6017d146df4451f440c', 0, '2020-10-23 17:39:07'),
('a825c2c8f739867522e2954d49e48e95e5da4504be4781347804bd1a6285ebe516e0e774d2eeac4a', '5d5b4be05737c7e314d31f7bd186e52efdaebc27277a695300b2681efa94b31f53db82966058ebb5', 0, '2020-10-28 14:16:29'),
('a92fc0d3481e4aae13e5bf62840481358bb050420bddc513eb8f85cff4218dfeb82af78a4d53da91', 'd1ac3d3481b55d0ac78c3dd5f98070dbcf7699ca64c31a8aaae6ea4c40cc504bdde3ba0c39dc1b0c', 0, '2020-10-23 18:53:02'),
('a9cfec9c227b08828aa8a61b3b9d8284f9ada6d494e371878418fc915b3281964455d1e92c1bec91', '61b265c9f479ea1b44b4ce7b4991a5cc036f4bc5b76a0f421d80b669e19f42e6ca63e6d18d70e7e5', 0, '2020-10-29 11:50:21'),
('aa97b13a549f907459de968b586c64c79c5a34cf8cd600f2c642cce91990bdcf27789c71e9e54d59', '6d4a4658a97dfe8b75577c3c62179200afbabc2b5ab869b6b9d67fb348c962f3859248d6ec12b159', 1, '2020-10-24 15:24:05'),
('abe6868d7fda36f804e48438de76c74040d0b1b56203f9c3a2d45947e86d0839eea82a33de396329', 'a63e1045fcfcee85310678b3ce68c75258e65718cfdf7abdea5481d0958e66d87647ac1d687d0844', 0, '2020-10-22 16:22:41'),
('ac0af3d7770c7a734c8815be0c0a1ebd586db2303997f543a2aa2c7a904235e5b323fcca398fc92d', '4374c862c0572be4e61de8c634a13e646a7937ce21ba8d92b5011df481a52945c553c3e0646ee82f', 0, '2020-10-18 10:43:57'),
('ad803b6aef24b0ac1b5fa18cdcb81dd3ac0ec29e3ef3d71d8b0d4f6db5109e8b05e614ca2f13558a', '689edb1eed29b9e264049d3797ae1b1e460a9ec585f525eb6340b2a828c545779480a109e44805ba', 0, '2020-10-22 15:38:22'),
('ada163f6ca2fd2be14d4f8a344574a98254cde920ccd72e690eaae2ce7562a3a591e74df0f77c3b2', '76b0c77b843a8aa039fe5d95fa2970b5abfec991c3e7a3c21332ca41c1dddfd90716024bd2f6c08d', 0, '2020-10-21 12:11:40'),
('aebfc42204d50ed4c85ec4a0faf3cd844c301eabebb23d5507adc7011e36e4a257ecbcab95b9f4e6', 'a893ce02163a0086664db024af0b6be6b0c9ee700e4c05fab0eb611500caf4d01a134df6ea5833c4', 0, '2020-11-05 10:32:56'),
('af2425aa4d019e02febf57897b67915beccfb1582783ff74b89451b20ff9bb0162a13cf4e3e1f7dd', '106f70d6a5f0bb41ab31e77b51550d6dd680c21ef9943fd5aa1695620fdf29952b139a3127a3ca6c', 1, '2020-10-25 09:56:30'),
('af4fb46faf98d1da2d761bbcfafbbc7e63eb10c5e2acba338f42fe00a34a80e2ffde8029d21d7e4f', '1f7629ea20d03422b6e6254e835c113ce2ef2fcf93244d74212e53064a7f4e066c45456a584c8da3', 0, '2020-11-06 12:10:30'),
('b044edb5b8be46b35200af54cacbee232978f8583f8690401e2e8396383af52dabd553e3e8680716', 'be2fe22b77ed2e64cc5c35465cb7f8ae74d03447cd5a7bd43b72bbb8756f9a97a77c996da79e997b', 0, '2020-10-28 15:54:57'),
('b12f0503e27e43ecf2ed220bf23d2e3dc6abffd0a2bf113334ad2a2e42809c31b9d0c31c69f9f12f', '9ac0b2a81acb21243cc014bbf245fb21f857e72560bbac9a29d9c0e4789072ea5a0225c9de397457', 0, '2020-10-24 17:17:18'),
('b182c3991f8dd431b6266e09e43a21c2131c55b2e6602c8c4c10212c958c3ea1fa947cabb1a9cd9d', 'a201bb30e40724e7881bde7f07ec1f3c4ff67fa62194eaa860f1636b580f35c40f9be9679bf61a21', 0, '2020-10-12 11:34:01'),
('b298baff157ae4ccba3569cc7548174a6ed53b35d837c0dab5ec5c7811ff24ccc65ad37e547e2db8', 'a491c41b95b2d59bbfa7d8b63812dcbbbd6b078485f0280f3bf764bb776bb83f6afa243b5b2ce167', 0, '2020-11-05 11:56:24'),
('b40a519dbc6393b9b2add58ec72cb5c9ef157eef0465d7f2d9e7b9a937be8d392e050120634fa57f', 'dc91c6d23aab910079382b2d5174b92c8c8b82a7a6367a74afe2c960388e2776fc4ff652d39987ad', 1, '2020-10-21 13:37:56'),
('b45849535de14d689f27f38f224277e892c13fbee6a54f474fceb8e511c8580439f1494f2769b80f', '90773219e2210e6f0e43afd4b78dbb01c050a3198cfb4ac9909bfd03c28e285d2cb13a83a63030f8', 1, '2020-10-25 16:28:16'),
('b49b8eba85c7e0a665810201b3c0794da58246c26589448895a2166a8e7541b2042a1e9cf92aba36', '90bdb4eca1aefd3c3e3e1c725abcac64c3c8e99210218ba61352249eea9f61cf09df77360a4fe134', 0, '2020-10-28 11:08:26'),
('b4ea24641fe2e5b5ea2d7818a0aa2308c746d67ec4916d1ea4338fbfb00ede9d658e834ab48c8087', 'f948a6fde6262430a934da19a12fea8e3d1d65be8ae84a2ecafab9f9936e877625630a9064a73823', 0, '2020-11-06 11:44:31'),
('b53cd1b260e035ed640ca7d2bb16070349d812afade8046b0de15f9d7e7b798ec8f141db6cffddb4', 'd5a212df3e9a6cc76506007c76c7cfe8eb1b9567243b2d21920ec5b83994f2a2e8572dfd71d153d9', 0, '2020-10-21 11:05:09'),
('b56a8daddd6df20fff2f251583ca8f6f6d57f29c3a04b7fe1bb344783cee7b943609d48fa7fae515', 'fead74e880a2542d2b32c1d097cdf6e9c98d6badb47f01f5cf9f3d86d79329b2d2c388e394987c32', 0, '2020-10-17 09:39:51'),
('b56d29c06f9972884f94ae19e83fef55348faf8f9883f37350f2da744918160d4c8478ddee611214', 'a50b21bc44ba84725624fa760a299b314a1f21e36e8699e01745d624211ea22e54e3805b9e07926f', 1, '2020-10-19 10:21:31'),
('b77802f2256ce3259631ef3ff447f9716a9889f91ce993ae22f1485f38d924227d13f560011bd5ba', '37208849e52a5e132a84c480d9506c85df312cd55a6ce71f65129c5dfc9105baa07fc6e28958ca25', 0, '2020-11-06 12:08:50'),
('b79fa0c02664c81fca29bb8aa55ab500811f91ef815c6462afad38fbfdd1f9e841f71d411a228001', '249b2a0ab304da75a87b054bdbd309c7c2a781dc03664cf03f378482135b1d50f1bb6d0112f5d2e7', 0, '2020-11-06 11:49:22'),
('b7c292b5e42ef46fbd1f8eb1be42946cf30666cb5185e5ee8bdf9ff3f5c692e6f0489c2eb6bcee2a', '92fe58e58fa41a70c51e64928f2a674e2e5d21afc40ca09c33b6fb32b437d5b9b7eeda6615c2cd95', 0, '2020-11-06 12:01:00'),
('b8a5bba35132f988befd53eb44cd5d83223a65c675f33926b3b21497efc2763a2c8d9e410e9e1a24', 'b5c5d38369ffa4e9b9326053b900d9a7d35b0c99e6bc2ccb5ec83909d5cb7787a90acb4b4836d5ce', 0, '2020-10-23 18:39:50'),
('b8a61d022b99cf1de6e08ef0edd1318fe83db77609ba501907118ea01603c46c05152e21901d134d', 'c7b14137885301b450d8632d673abcdeb74b79509172c3aa574a8f13008cab072183db6af4d0621d', 0, '2020-10-22 16:18:33'),
('b8ffed417bee2d8035d839948d158bdbe71a73292cbe0ec257d2a167251c7e364713f85874d2dd05', '683d30f1aba6c37ddbe7deb1be835be25aed4697d311f09fe114170000be0b3cc4ac10199df3a8a6', 1, '2020-10-24 15:14:41'),
('bab0b5cfa516d6a1a35306ff966af2f59384e8f92844e9bc086e83c6e8692bab4b1785379f671644', '5caecc56f28b3332bf3f51b9ae67084c78589c44f3f8671cfc3f4ce0ebaa4b4b8efdbdd348a763c0', 0, '2020-10-25 14:50:31'),
('bb6022b96a731de3af0d378cb81544e7c4609df64798e63328dcc6efbbe632d6ee7e211eca12770e', '0184cc48ed7cad9f3891c125ec3bf1f4212545947bd43697144a6f4c04a22320bd3487852ad64a8b', 0, '2020-10-30 10:05:36'),
('bcb669a8137ed72ea2b8b7c73afb4510f6adacbd938ab56eb881c1b886e3c1f7e696ad5293d61582', '364861837c0382b2adfb9ecc291f24c50ef3933ce8d15e702a06ebe4251aefd8882b2c99e7227248', 0, '2020-10-12 11:41:34'),
('bcd6f40d680aa8e15a2f7d85347aa25fc60a9e8e21317795589bfbddf15973724855522b7a468d22', '24de94e804032d28ab797c0d78ad22d6b91ec2ca4ee89e687fbe1597b20b6fe5d8bd16adda8a2a7d', 1, '2020-10-29 10:38:41'),
('beb547a87315ceeb6edfeb752460fd26320f16a59267ad171a0d69a826f463fd908de7ce993bbbd6', '51c1caf4a44d8dae8e3b7bb11b3e8c8c725b253c2010bf57487f4aa82b2b66ee522320ba71065812', 0, '2020-10-16 14:29:14'),
('bfcdf394933493d6ca88aaff45d114ea9254a60bb64fb425ecd13ed8692a1858a1fb6a8a62218152', '4c5fb830cd3a1b76780a670bf48e0eb913cc466fbd8ee397e8dca1892f544e1b870271b111b3a703', 0, '2020-10-12 11:32:36'),
('c020fd0d53de4a98e3584e762975ee6ae725921fef39bb827183e0e23f737a174956e2f84bf75ccb', '99f67e041547be8ac4876f071b8dfff4dcbbd8ea560172c572f50327ea1a0c80b79f9e7426f961c8', 0, '2020-10-21 10:00:56'),
('c1ce3c248ad623ba8628301a701b1af92c27569f24ae1b4599d419e92bb485b055bee0282434d9ae', 'ba7a7eb454d7245ef5c1a69bdb13536501a75084ce8be40bc7d2f3b57f596f1b3b651309b43a4780', 0, '2020-10-28 16:39:17'),
('c1de98a2d114ad198809f98e5ed9a0183cf9e78d878312a19def80e23d7fe3c1b64c4f7cb633eee1', '0800640a623db0cd670a12ab7a729fd4c546e22aa743beb63124101ea12e5a385c55171caa307daa', 0, '2020-10-23 18:42:02'),
('c2638bad6397e65f89ff313b3769a7a35e12aabe910fc206a3cb2ed1c641b6664c35c61c849f8b99', 'd6f65d6233ba5de8b9436d892df6089f009cb8045e884bc65e58b9c7dd94ddc0ed4724111645f7fb', 1, '2020-10-25 15:01:31'),
('c2aefccbed341fe2871e892809491f2e7ddd123e623de4cd5685b7def2308987788dbd8bd4e23a80', 'f87aea1b25f8015c331a53b94a4f67039271af4cdeacaf807516653ad295c8a6005fd0bc12c9b9f5', 0, '2020-10-24 17:18:13'),
('c3c04e1793a8dcdde38b8ee1f191ca4afb88ecd6814031fd0f70271f8331f07aba2361453a782fcd', 'f93e450129a22a7b86eaf8285664104cc8aca843471162a55f4d9e2556c561786a996dfda88c9d4d', 0, '2020-11-06 09:07:05'),
('c451590f04fe5f4c23939ea373a6d8bbacd466743c8f8acfa2cd2942cd6c47855676f5189571664a', 'a1b3f720123dd0b3af4fb85f9e67d4f9b10b9282333b9135e0b7e81833e3ea1f70b999bbe423cb97', 0, '2020-10-23 18:15:48'),
('c54da64177cfefc3a2d1075d7e67d1885f4c3315220721dfa6a59a2a837d997a520e58a8b4dc72fb', '8696dcf070530be23a56f04fdaeceed68899b91ca48209306bec38f5b9ebeb4107b53de490d4f2ce', 0, '2020-10-23 18:14:04'),
('c55ac61507412445ffa4e621b5626b72e0162d5f21b8b47ec680c5fc22716322d16d1b798f7cb503', '265c7fb357dc46930152d3f3b076e4b6057b209d8c7e716a223a3c7e3c25f071510137b240fc2032', 0, '2020-10-15 18:26:22'),
('c5675f49ce72dc64a30a0b3b81c967e1f6f7400d7766465f1eb2fdb98c370a0290ae064950c2b08b', '0fcc235d49be76657f4199c992943f64a327c2647fcfdd324f4f261b418067247a99ea287fb6f99a', 1, '2020-10-21 14:11:58');
INSERT INTO `oauth_refresh_tokens` (`id`, `access_token_id`, `revoked`, `expires_at`) VALUES
('c6d82a3ec1a6d9e85577cdbf3ef54205e82a2bbe591df5bec6d242566deceaab5194b69796726ca4', '1cec529f019e7b57c7e65977ad429bd41079f6e9f394319209849c1ae99511b6dfe10eb84c12d40c', 0, '2020-10-19 10:59:32'),
('c843ce29c72e57fd46f2ff06a139ea1a167638c22c0411b89215ff15ef745b2f17719b1ca9e2a95c', '2fd5936d1269e9831c005b906daf9ff0697bac5129b17b7fb2812b753ebc60c11e22d422556bacb9', 0, '2020-10-23 18:13:49'),
('c9b203006637fb8014369a74d5ae5f31d7137a7b8da2383bc1cd42b7920c6dff21531a1015035bbc', '74439befa14382fa1d8b770107e60185110edf3197f01da324a7a27d65f71e7639d2c27fbedc5279', 0, '2020-10-21 10:03:57'),
('ca74dc689f02a42cb8f19c42ead96975f36e74909d10a4a2a5afef05caf09c798fbeb76b09020a1e', 'dee5979b9c5a89455ec2249546661846a32d78b8091dc312a00ffd18f54f45583fc3eba07c613a1f', 0, '2020-10-23 18:03:43'),
('ca9913c01459175669ead39a850b6e8d671ce18c29ea22e41e3c406beb9dd0dc006a34144eb42fcc', '2ec145a8bed6ea87a65ac176ffd569abcf757b3f807a3b488c1ffe55ec4d964374744a8fb892fa1a', 0, '2020-10-23 18:11:16'),
('cac460b0df39f97fc5be1d82d399f1f5d13032b8fbb6a174fd76dd725a63b1d240545f1f6fa1129a', '82e13aa81e14874b27bb4c2f83d7b8c0409ed84a7336971f1a0e2c88d336ee5c8394f5f28e2c7929', 0, '2020-11-06 11:51:47'),
('cb7644cfb3f7cf36d114383601d66edd770a8b38c089ec14b1cf6ba700d8c70dc4eeb97bec009552', '42f14f6fe12b7c947bee11382769be7832a64b2d95b05e0cdfb4fa199637d78f886529c94c6a647d', 0, '2020-10-17 14:54:02'),
('cb89c0f4ed64b5d85aab4d2f6684a1347b3641f2f8da7be237209964d9397b49a91ac484878afeda', '8a269f890eaeaa77b41d4c557547065772597a1c3f7120b0569895ea498a8d014739f4c3221656d5', 0, '2020-10-24 10:44:00'),
('ce19c0420b62b8504084c8a79972de85f6317932c03cd71b21459cadb5689991e1a5b991b56c53c3', '885eb99b32039d788068daecd53f835df5aeec9df00c99368b2790b92a518b1707c9562b1f41f685', 0, '2020-10-23 18:42:29'),
('cecf522b6b39b85198834215b6b6c00e144acc689fc28c92e97141c1114a1b92abe46597e2444fc6', '0eda677ad2f0c58a6c013b7dcd2fac1cfc0f794f582b3f1e6526c0d427ac73cf69702aa335aa62d5', 0, '2020-10-12 11:31:00'),
('cfc8ddde673391245b643e6f4c9336b63e6e534f1959338da7cb43edf71ae04f2bf797e2d45ab4b1', 'd2d1ebfa0c9827ec8ce38305d6b5562bb9c92eeebcbc77bb73dd4380f3d232dd4115e2ebfa0faf17', 0, '2020-10-24 16:11:03'),
('d17c6b4fbfcd7f74079753ccc8dfeb0b325ae42d00fed18418d15bb86caf0e54fd6c30f717234c85', 'aa3b47cbe1b2875b9c2e1198cf2f7bce5fdae3ec722fb778447f4e85ae3e36779d29dc2e65af05b1', 1, '2020-10-22 16:26:04'),
('d201ac084dc67e943934554ac86375a59f6d7eb53f759a70f4d0b1b6dc67b1b29dda8daed5ea3bf0', 'ebe31c48b074fd4a6f1f9723f7df205920b0926a1d6bff474b0d4381924b1db9c9151b6f5ec5ec6b', 1, '2020-10-25 15:06:23'),
('d319b3074ce38765ddb6db0868512f49079eeea1bdea9c2b033e03759f11c5c1e36ac578e6ed378c', '3b0efc94bc17e1caba66b98a8bb6c393669f6a1ff7f6ebf09e25d3b119b4594817466be8e3980396', 0, '2020-11-05 10:35:21'),
('d3dba195e13860db40a9e0e5229221dbbc186305cd8b1bad8bb6f70bc28956d5b02b8e14abba205d', 'f3bd33c196d58d31fb5a3f1c18ef62ab8bc61378e546ab0a0d4c418c82fc93bae1c1260bcb857c57', 1, '2020-10-29 11:47:57'),
('d3fd3c3014b9958ca60fe73a0acafd3ffd190b98d9b6fb56fd3cd6b5748e2720195cb2c6d5665c38', 'ca1aa9814dc37ba4473d4c5f900e4d2d6c945598b810f303d55dda0d692c0a29f75249534ba7c5bf', 0, '2020-10-17 15:04:22'),
('d4129e82b2715e4e0a64b396fb2e41e187e325042b7972d06826c3a47c593180f15caf5a05cf55b6', '2544e65c4258afdd55f3ed65deaa83fb5208e9c97eddd4d7b1e0373bb332597c4a8901a6f9778cbd', 0, '2020-10-17 15:07:59'),
('d4db01d33cd042f45e7ca6a0ce2a63c7810724415bb177951f123916aba92cf6a3499768f7d410a5', '5cdedf2aa45c1de9ae278e5556638297472f51749157952c4bf69141a996040376cdb7e8383e153f', 0, '2020-10-22 16:35:23'),
('d5937c349166e79b24b1ef31fd2a5d8dd4df4efb9aac23332f53cfbb0fa905ea81f95478b13ff92d', 'de09e3492025c667d7ebc386a7dc4ecfd0e422d3230014f204723ab0b71ea5384058b3e18eb0a583', 0, '2020-10-23 18:31:08'),
('d6fe9f9ae7043f9399cbcd9e76539b112c889dbfccd58f38106517e58111c7880ee5f27e4a7241c5', 'b29fb65451df74e8ab5124b8612ee508b1956298c2a9ed0b4d78677a3b1f7602ae010d391b7a10df', 0, '2020-10-15 10:21:39'),
('d85dedb13b4fd50b54e82599a7a838af506f1589e2a2062293523c54224911c2b5022162e3b9f57b', '94994c6aa85608dcd3eeae35e6597c29b1f47dfbba7b37429c219ea0d701b0e4da65919a8a86d98a', 0, '2020-10-12 11:46:34'),
('d9ae82cd9f0d3f37353f9b4b1271ef10d461c2c267107bc22285abb959e3aa0836a3b438159c3f72', '19512bb13eeef139b48b481836efdcf82a557d76b7e5ea2006f036027ffb5d8e1217e55064a80a75', 0, '2020-11-06 11:43:18'),
('daf77451e926cc56d6876a4ecf3c9f9a60a46afb069e6c9a4d256d43fff5ca61f337c182de17a0db', 'be95a9fc5e3feed9dbbe2701d21ac5633cf277e5d3d0b3b8f5aa6df8b576a09e340a541e9b10bc3b', 0, '2020-10-12 11:08:14'),
('db56589293fd15136c0d830250ec7a25622bae7eb7302a9503558c81757df5a89c1be996805535d2', 'b0761ed1db6b756fe2e7df28619cde8c076dfb1c3a06312382a4c480eb81c423b41c92463e816589', 0, '2020-10-18 11:47:47'),
('de81fd836b3573735a6c6007fc6a711298eb6d4f9105955e52d35d6bd9296fe157e274d8ffa0cba1', '7ad245621b304148bc644e3d56c1a0345fe80f87a07d47cd1a9c7c63db6449693f2611363f1df378', 0, '2020-10-18 11:37:33'),
('de9cdcdeb63156baa98f2b1297991a9781f037106c7cd5d1c5bbe112e18d27660a2a02f8658e798b', 'ac33faf88ae9d4ec0cac61eef0faf0e0eb4a5d2b4aa1f3a88208674a5721c5af8860668c7500028f', 1, '2020-10-25 16:37:25'),
('ded3fe4be861b56aa11f55df0b2d62075d135228916ef52571885c942d1e794664979b9d31bfcd16', '54672a13e6683b6d63f761cffa689fd12f9cfdde934b5c06d07c35c4d9452c08fb918d8e783ea556', 0, '2020-10-29 09:10:05'),
('df6048876056e7e896e2e9513cea6db84e2dc53ca509497911108301fd0ecaba86b2eede70b0a24d', 'c7b92cb1fe9aab3acc9a06d59cf76e58e40dad26c0328408d526eab9455a05c871320351029fa6d9', 1, '2020-11-01 10:25:06'),
('e06ff41f4303c87ea2bcbbb5a746980b781bb61a7b5f3afb9f95bc030c27a74d878efad6957feeb5', '683e2e1b96bf946660cf782d16d9fbb84396cf65d06dad5f8125d68b5a07b34c2fed5f44deb30877', 0, '2020-10-29 12:02:35'),
('e0e5d2fd273a5293d8240e32b787aada24ce51d395f2cb12727f0dfce9be212b49cf8e428fbcf4b6', '9ee15e5d87b439bf54563c0568b371f26b44b8cb465b7d2fa40eac3ab29487cd2cdf7aab0b54ed55', 0, '2020-10-16 17:10:43'),
('e202cab815fbe43480cb309feaccb11f3589e0b34ae51bcdc4d3259d32bc4f54e2770b49869a5a03', '9eeee35344c985ce8adb03f2bbbfc0fc9b041048d7b4c136d0c2d8d95881454bfa393d626375f0fb', 0, '2020-11-06 11:47:09'),
('e352f5fec38944022aee22a34597a03a5423a2811ed73a37d6d69d95f99f02284607ae21e4cf39a6', 'ee5404fadf6262c18e070c43265aa2c0e5c432f7e601fc1680b58c89914d0b0c0b8310319e546c03', 1, '2020-10-25 16:27:40'),
('e3810b4d284e6b9f4afa992d004e1a1fb094db1f852ec2c4e99f5b12f5122e71d9d1582b5b3765d3', '34db26bef174b94426ea24679058fa22989f56c5029540d99694dca235502df6a3739cc6e764297c', 0, '2020-10-12 10:42:27'),
('e3af98a67707fc19b9a66657edbc0533feb7c49066e8442696456aabf281621100d601ffce2cf15e', 'e099c22c902c2e475046a38f403f3f45951d8d7f45b793cf02fa390f6aee8e81f87800ec1368f7c0', 0, '2020-10-22 16:37:13'),
('e486bed7d74bb7974cc44ca36a65acf19330014598fb9e589fca241ad283f89c68a577f53daf647f', '3ae5ddc062cdced467e05b109cca622b0387522df11cf132315e13a8acda215c3a77d0527e43d6d1', 0, '2020-10-28 15:53:51'),
('e58daa84f21c9bc648fc6ef547a06ac6c4d9a0069bcccc03a72c2a6bc101fddcd05073558dcb38fd', 'e4eef7997446237b8b1f313f02ab037738387ffbf08e0c32073b99ea7e25b313cf885629083a8575', 0, '2020-10-15 17:49:04'),
('e7346814128a2890b71b96eb9584a8af54a140f8975d4af2515c40daf86f4db229efa7a4ceb6961c', 'dc980f3bb8b9d4ac903071139fb60a5270bfd1d371a6406b60ba9b0098ec3e99a2bef5fa984fe305', 0, '2020-11-05 08:57:18'),
('e7811b42311d0ebaa0723c2189ccabd586a1ba83ec51512070fea1819f74a8d2a915c231198b7910', 'f42c8b7b906bf95cedabe001eee4b48273f882be421e8e0a1a13277eec7c95833d6423d80de29e5e', 0, '2020-10-21 13:35:41'),
('e7ff00646b9f57e64ccb513992382b5cfbf026a0157688065104cb0b89b658ba059978ee59ef4438', 'dfba82a2fba83cd56026421094d52a218dda1f788e971c8b4f6b1fedfdec6d335f517e305908dc51', 0, '2020-10-29 10:37:50'),
('e7ff066e4bc9351d6b56020fbb41c3d5aad741d2d08dc471ae86af50984a4f0bff3824c6d185a270', 'f58150ddc451ecce70216e932cb6e94a4f907e9a2ef48df4e208fe4154a5afa8c105ec3fcde9d3b5', 0, '2020-11-05 09:39:53'),
('e821215f5968a3be7406e314abc56138b6b0bfaf80331603f463635c85c88187d50076169be0662f', 'f6e47ed4794eeaa2de40d8372fdf09c26925a44f5f85b8fe428cd66c9c0c4a422d43ad02ba5ec4b7', 0, '2020-10-17 15:07:31'),
('e8929e9e42977b68e43e2d461cc7967f973b040bc6c6f3b0df3694b94ab5efa65da90a847034db48', '5d8e18ed788e2ea5eaef69a1250d3dc873b2bc91b0526d40fa7e1843b3fb7b143bafa4d254c1564b', 1, '2020-10-21 13:36:04'),
('e970b02f7b5c461cc01877bf0d3b1e42aca49941dcb618123f0621aa38f8d19674a37059ff61f279', '5a0291df3bed9fa81fcc50c5ad10d58b35dcb902f37dda5f8074295837d28d9b47c7b1ddfe69369a', 0, '2020-10-24 10:34:03'),
('ea7593eb90e580808226e25cd58169221f157954d369e371078c2013d9e75345fb1d938cd9985d92', '6916f9d4e541b742c7802c852bb6c9bdde3bdb305be29be8bb1f7d29af116d58ce9ae730979159e7', 0, '2020-10-15 17:24:06'),
('ead740b5cf96a1aa2475fc9d85bc7fbb7af77e45be29d512f67c688c139f1fb8c024c604de500297', '9e1247511422200f438aee8fe043341e112cc7f63dddbaabead037d52a975fbe320c05643519802d', 0, '2020-10-15 18:04:31'),
('ec420ceb1d8ae602610300ac8c4ad20ab70f553da9943964e9e72a13ed2852613e9dd3edaeb7cb95', 'c9e42dab08b6b697b103d410a29ac4b814fba8495ca5c3464b27e74da5ea74296fad5f5bdcb35346', 1, '2020-10-16 18:50:51'),
('ec831ba0a68cabd5aeed22dcb7dd8180ff97388177a0c1a649fdbd951d1e265305e0db926300742b', 'f6e4f01c688227485fa17414e4028624207c5a629bb37d77a01b274826da5df3fff2c439911ce89e', 0, '2020-10-18 11:40:30'),
('ee7bd56ba342db098f93a24d82f70db484656e01fe8e4536fa7decb05c246ac8a2524cba426f2fd0', '0d80e534c7880b82c998fa46f1fdd51fb597b722ff2de48d0dc1001f9b88f86cfc919a1f2ad848a0', 0, '2020-10-24 10:07:58'),
('f032c671213933bedb1e67f5c1b41dcd6004073180804f7cc18aa2ce0342ba3d8a06ada29c6fe038', 'fbf39077a84306f7095fd66ecb3dca7bd1d63c93e7ecebccd92a16cd0e652ed6c968cd9000c7ec7a', 0, '2020-10-23 18:26:41'),
('f07ec563b429f2076ada2e9026ffcdfae7802ee8101ba0c7469a0a2f6af777b15c9c6857394db5b7', '257f8b17cd7b0629dc780d83f4b1f50015108fe0755f9527531c885f947fb4f3becaff62e48efcaf', 1, '2020-10-25 16:56:20'),
('f3525874648036bd703af8ab39f9752f625ee8a8be33efeab244dd295e9710c686b924fb09573bc4', '42191e8052be5b7dc06d14ded793bcb920751b2e1e98931085dd030edb4ed62cf978cb1c14cf469b', 0, '2020-11-06 09:27:50'),
('f467d340bcdf5c54ced71302166bb5eafb06c5f3f28b7d1efd50a5e372e62c43136522e0e58eb150', 'dc11577472ecc7773d1b7badc53321ff9636eb94fbf85d13b5207521af663bc92229d7ccbdb66c06', 1, '2020-10-24 15:15:04'),
('f644ab3dc9ebbe3e37d28335c80f7b0fa25cb0fd8fbd3a9faa06610d781548d75f647962f0dc723e', '8dceaa34077468c63f235dcccf37848fa9c072a08f7c409b004ae952d4d3645dacc6d1ca955672df', 0, '2020-10-21 10:14:48'),
('f9c9de0c53cbae42d9437374016f365ea1010970cde16b44fce7fdeeed62eb4562c3c873f368bace', '718a3b44ec797f7b2adf9cc5d6205c2590baca6c33dd0d490cbdb1e5035c2d76e157661fbc67966b', 0, '2020-11-02 10:23:20'),
('fa02c767edefc7c86f8c0ec325150050a75d3d4169c3a5f7cb7ee60c3c6ed656c99f80530a0ea777', '0ab3ab89c73ba5e2960343e51332ff264e72133c0d845c06dd4b0991edf26399649de30f91f14d7c', 0, '2020-10-23 18:07:23'),
('faf42561f3c5b31b571897c687c8e55f7d818a506835a8b37815f3cf9878964f4feb16963c23affa', '4d3e8f83c5ad315cf0e74ca10ce81794a39466ddff366156bdcd3cfe0089bcc452b3d8432d95c4cc', 0, '2020-10-15 16:20:33'),
('fb24cee6e6fe85173e524d9970026cca14fb5905cd7e58c4f0a94a1879183fbd5e5e8414b2f2e83c', 'f30ac7669db4ae5e2c5c56554b0d6a1cff4242f5852fe1432e145de9e6d27fecf9be4f8ae47fa975', 0, '2020-10-23 18:40:14'),
('fbd076e2df27132e2ae92fec7140c683b378efe9177d1a0dd177ccec093729a296118ad23b43908a', '1bf03fea264ebe9515f5f66bfeb251082f0c3e1cbdc9edbeaad13bd67b0f06ea1448ae1768ae3349', 0, '2020-11-06 11:55:30'),
('fc0596527d4a439a4142d1272570752a8fb60c2e620c96ca05626b0f1e942e6cd1fc96b35499f1bb', 'af165902de1e1dd6163eb56a2a39c541e2c016f3452c1c2796b26efaeaa5a7e1fa7814aa9fce9385', 0, '2020-11-06 11:43:00'),
('fcd197041b53d6566cfc22d45525d2d4d83ec767b0e0d3788a4ba0022bde9be2b595cd6e9c3fc008', '2ee2a1dea9f62025850382397c7bf727f9f96448d096d7c0f45f66ea1e950271819a25807afce95c', 0, '2020-10-21 10:25:46'),
('fd11d23ce8b83e8633f8c8214fed3832e13101f0409d9b8ce92956001afc2a6890b6acb03eec320d', '0d80881e84f215f841d457e7aa9e19814d500bb14d61f7846c482943cd27622aa8080fea99ea1b7a', 0, '2020-10-23 18:35:31'),
('fd3a537fcc56c23d833b65691cbf52c965027605084ed646b597edbd89d3b8a89de25cf6b64ffc12', 'e77450538af9b780532cb28b9c90dca33b292ed68c1cf26fd47d09e4aa30aa1f5377b485e0f38447', 0, '2020-10-21 14:11:13'),
('fdf2274f6c70749ea5457d3b61747770c1dc7a2f52d8c5e89eddd7299a6657eb6c42370a7ee4e78e', '86b7660332e22d4fd38e9372af9bf75a849a6805143704203f21c37e1a31430df813fb0beccc9e6e', 0, '2020-10-17 09:39:05'),
('fe0e25c52289ddf6ad36eb0e1723a10f91531fbec9ab0c35fd466762bcffb700d1ca9825ec0a8cd9', '393c6b68cc86bb18258ebc3ea8b2e09f964055633b430c0b2f837eb15186c13f03a11d4d3331f9e4', 1, '2020-11-01 10:11:03'),
('fecd530961807297694ff81571ed149d85ed6598e0c5466f2f337c0a6055a130b56ec8213f4cc14d', '798346b6dc5a3369113cf7997ffeddcac09197feb8d6d951280765e84a75882eb7548532c8e1f62d', 0, '2020-10-29 10:41:49'),
('ff6c1ae6700aa9c7395cb7c98a438ab88e2313bd11a75ddb6c1bd872e31eadf291280e58b2ed78f1', '310426ddf17994881ef6a82d625b68452dfb56c6f10df0d09ca564b7cf7ef22da9c0bffc17bee75a', 1, '2020-10-15 14:40:06'),
('ff905e975b38a90c8d92846e2c99a350872250ac3ef0d078e5b365bd38f1f2d4d0a789b69d4ed7fa', 'f04fb880eb319c585977fc8b7acf1083ffa65d9bb3bb5f4f41b10f4d33137e30396fa56df16d1646', 0, '2020-10-16 15:34:03'),
('ffdd07d4a1b4bb97aedb9de000d5c72486894e00cdbb3367decd33ed41b08b3fa4ef57907be2fc69', 'a525c5b5530e17c6ecfb7b255d504136418e96e678114f251baafdcdb06dcc390c6404d098e909e9', 0, '2020-10-28 15:55:50');

-- --------------------------------------------------------

--
-- Estructura de tabla para la tabla `password_resets`
--

CREATE TABLE `password_resets` (
  `email` varchar(191) COLLATE utf8mb4_unicode_ci NOT NULL,
  `token` varchar(191) COLLATE utf8mb4_unicode_ci NOT NULL,
  `created_at` timestamp NULL DEFAULT NULL
) ENGINE=InnoDB DEFAULT CHARSET=utf8mb4 COLLATE=utf8mb4_unicode_ci;

-- --------------------------------------------------------

--
-- Estructura de tabla para la tabla `permission`
--

CREATE TABLE `permission` (
  `id` int(11) NOT NULL,
  `name` varchar(100) COLLATE utf8mb4_unicode_ci NOT NULL,
  `description` text COLLATE utf8mb4_unicode_ci NOT NULL,
  `verbose_name` varchar(50) COLLATE utf8mb4_unicode_ci NOT NULL
) ENGINE=InnoDB DEFAULT CHARSET=utf8mb4 COLLATE=utf8mb4_unicode_ci;

--
-- Volcado de datos para la tabla `permission`
--

INSERT INTO `permission` (`id`, `name`, `description`, `verbose_name`) VALUES
(1, 'Company', 'get list of companies', '/company'),
(2, 'Users', 'Crud users', '/user'),
(3, 'Informe', 'Información de las empresas', '/company_info');

-- --------------------------------------------------------

--
-- Estructura de tabla para la tabla `project_info`
--

CREATE TABLE `project_info` (
  `id` int(11) NOT NULL,
  `android_version` varchar(20) COLLATE utf8mb4_unicode_ci DEFAULT NULL,
  `ios_version` varchar(20) COLLATE utf8mb4_unicode_ci DEFAULT NULL,
  `web_version` varchar(20) COLLATE utf8mb4_unicode_ci DEFAULT NULL,
  `release_app` varchar(10) COLLATE utf8mb4_unicode_ci DEFAULT NULL,
  `release_web` varchar(10) COLLATE utf8mb4_unicode_ci DEFAULT NULL
) ENGINE=InnoDB DEFAULT CHARSET=utf8mb4 COLLATE=utf8mb4_unicode_ci;

--
-- Volcado de datos para la tabla `project_info`
--

INSERT INTO `project_info` (`id`, `android_version`, `ios_version`, `web_version`, `release_app`, `release_web`) VALUES
(1, '1.3.42', '1.3.3', 'default', 'prod', NULL);

-- --------------------------------------------------------

--
-- Estructura de tabla para la tabla `role`
--

CREATE TABLE `role` (
  `id` int(11) NOT NULL,
  `name` varchar(50) COLLATE utf8mb4_unicode_ci NOT NULL,
  `description` text COLLATE utf8mb4_unicode_ci NOT NULL
) ENGINE=InnoDB DEFAULT CHARSET=utf8mb4 COLLATE=utf8mb4_unicode_ci;

--
-- Volcado de datos para la tabla `role`
--

INSERT INTO `role` (`id`, `name`, `description`) VALUES
(1, 'Administrator', 'User for app administration');

-- --------------------------------------------------------

--
-- Estructura de tabla para la tabla `role_permission`
--

CREATE TABLE `role_permission` (
  `id` int(11) NOT NULL,
  `permission_id` int(11) NOT NULL,
  `role_id` int(11) NOT NULL,
  `per_create` int(11) NOT NULL,
  `per_read` int(11) NOT NULL,
  `per_update` int(11) NOT NULL,
  `per_delete` int(11) NOT NULL
) ENGINE=InnoDB DEFAULT CHARSET=utf8mb4 COLLATE=utf8mb4_unicode_ci;

--
-- Volcado de datos para la tabla `role_permission`
--

INSERT INTO `role_permission` (`id`, `permission_id`, `role_id`, `per_create`, `per_read`, `per_update`, `per_delete`) VALUES
(1, 1, 1, 1, 1, 1, 1),
(2, 2, 1, 1, 1, 1, 1),
(3, 3, 1, 0, 1, 0, 0);

-- --------------------------------------------------------

--
-- Estructura de tabla para la tabla `users`
--

CREATE TABLE `users` (
  `id` int(20) NOT NULL,
  `name` varchar(25) COLLATE utf8mb4_unicode_ci NOT NULL,
  `last_name` varchar(50) COLLATE utf8mb4_unicode_ci NOT NULL,
  `dni` varchar(15) COLLATE utf8mb4_unicode_ci NOT NULL,
  `user_dk` varchar(15) COLLATE utf8mb4_unicode_ci NOT NULL,
  `email` varchar(75) COLLATE utf8mb4_unicode_ci NOT NULL,
  `email_verified_at` timestamp NULL DEFAULT NULL,
  `password` text COLLATE utf8mb4_unicode_ci NOT NULL,
  `remember_token` varchar(100) COLLATE utf8mb4_unicode_ci DEFAULT NULL,
  `created_at` timestamp NULL DEFAULT NULL,
  `updated_at` timestamp NULL DEFAULT NULL,
  `recovery_code` text COLLATE utf8mb4_unicode_ci,
  `company_id` int(11) NOT NULL,
  `state_id` int(11) NOT NULL
) ENGINE=InnoDB DEFAULT CHARSET=utf8mb4 COLLATE=utf8mb4_unicode_ci;

--
-- Volcado de datos para la tabla `users`
--

INSERT INTO `users` (`id`, `name`, `last_name`, `dni`, `user_dk`, `email`, `email_verified_at`, `password`, `remember_token`, `created_at`, `updated_at`, `recovery_code`, `company_id`, `state_id`) VALUES
(1, 'RICARDO', 'VERA', '13.516.199', '265813', 'chakvera@hotmail.com', NULL, '$2y$10$u4CCshmLkKB8Ij1S5p61ceI9f1RwtteyGAKSaI3J1mOcun4qwG81W', NULL, '2018-12-11 19:03:29', '2019-10-19 02:46:38', NULL, 17, 1),
(2, 'ALVARO', 'MORENO', '13.874.227', '265820', 'alfemoge@gmail.com', NULL, '$2y$10$u4CCshmLkKB8Ij1S5p61ceI9f1RwtteyGAKSaI3J1mOcun4qwG81W', NULL, '2018-12-11 19:03:29', '2019-10-19 02:46:39', NULL, 17, 1),
(3, 'ANDRES', 'MOYA', '91.535.509', '265828', 'amoya.070185@gmail.com', NULL, '$2y$10$u4CCshmLkKB8Ij1S5p61ceI9f1RwtteyGAKSaI3J1mOcun4qwG81W', NULL, '2018-12-11 19:03:29', '2019-10-19 02:46:39', NULL, 17, 1),
(4, 'JORGE ', 'OTERO', '12.621.676', '335694', 'jorsan66@hotmail.com', NULL, '$2y$10$h1CgzQPfLq165sQLUjAYjuSP41gbC6TJ8jGFYcW7xV0POl7pTerqa', NULL, '2018-12-11 19:03:29', '2019-10-19 02:46:39', NULL, 17, 1),
(5, 'OMAR', 'COBOS', '91.110.133', '336188', 'COBITOSJUNIOR@HOTMAIL.COM', NULL, '$2y$10$u4CCshmLkKB8Ij1S5p61ceI9f1RwtteyGAKSaI3J1mOcun4qwG81W', NULL, '2018-12-11 19:03:29', '2019-10-19 02:46:39', NULL, 17, 2),
(6, 'CHRISTIAN', 'BARRETO', '5.821.608', '336499', 'cristianbarret12@hotmail.com', NULL, '$2y$10$u4CCshmLkKB8Ij1S5p61ceI9f1RwtteyGAKSaI3J1mOcun4qwG81W', NULL, '2018-12-11 19:03:29', '2019-10-19 02:46:39', NULL, 17, 2),
(7, 'WILMER', 'VALBUENA', '72.344.446', '348252', 'gatowil000@hotmail.com', NULL, '$2y$10$u4CCshmLkKB8Ij1S5p61ceI9f1RwtteyGAKSaI3J1mOcun4qwG81W', NULL, '2018-12-11 19:03:29', '2019-10-19 02:46:39', NULL, 17, 1),
(8, 'FERNEY', 'MOTTA', '12.241.787', '363101', 'FERNEYMOTTA01@hotmail.com', NULL, '$2y$10$u4CCshmLkKB8Ij1S5p61ceI9f1RwtteyGAKSaI3J1mOcun4qwG81W', NULL, '2018-12-11 19:03:29', '2019-10-19 02:46:39', NULL, 17, 1),
(9, 'WILMAR', 'SERRANO', '1102548451', '363490', 'Wilmarserranoardila@hotmail.com', NULL, '$2y$10$u4CCshmLkKB8Ij1S5p61ceI9f1RwtteyGAKSaI3J1mOcun4qwG81W', NULL, '2018-12-11 19:03:29', '2019-10-28 20:34:20', NULL, 17, 1),
(10, 'VICTOR', 'SILVA', '72.347.478', '363755', 'victorunidrogas@hotmail.com', NULL, '$2y$10$u4CCshmLkKB8Ij1S5p61ceI9f1RwtteyGAKSaI3J1mOcun4qwG81W', NULL, '2018-12-11 19:03:29', '2019-10-19 02:46:39', NULL, 17, 1),
(11, 'YORGUIN', 'DIAZ', '1.095.791.026', '396409', 'Eduraz_@hotmail.com', NULL, '$2y$10$u4CCshmLkKB8Ij1S5p61ceI9f1RwtteyGAKSaI3J1mOcun4qwG81W', NULL, '2018-12-11 19:03:29', '2019-10-19 02:46:39', NULL, 17, 1),
(12, 'ALEX', 'VERA', '77.159.633', '443652', 'alexverasd2@gmail.com', NULL, '$2y$10$u4CCshmLkKB8Ij1S5p61ceI9f1RwtteyGAKSaI3J1mOcun4qwG81W', NULL, '2018-12-11 19:03:29', '2019-10-19 02:46:39', NULL, 17, 2),
(13, 'MICHAEL', 'RODRIGUEZ', '72.345.206', '444531', 'mlandon86@hotmail.com', NULL, '$2y$10$u4CCshmLkKB8Ij1S5p61ceI9f1RwtteyGAKSaI3J1mOcun4qwG81W', NULL, '2018-12-11 19:03:29', '2019-10-19 02:46:39', NULL, 17, 1),
(14, 'MARIO', 'DUARTE', '1.095.788.968', '447706', 'mfduarte16@hotmail.com', NULL, '$2y$10$u4CCshmLkKB8Ij1S5p61ceI9f1RwtteyGAKSaI3J1mOcun4qwG81W', NULL, '2018-12-11 19:03:29', '2019-10-19 02:46:39', NULL, 17, 1),
(15, 'MAYERLY', 'RONDON', '1.098.673.369', '584225', 'mayerlyrondon2306@gmail.com', NULL, '$2y$10$u4CCshmLkKB8Ij1S5p61ceI9f1RwtteyGAKSaI3J1mOcun4qwG81W', NULL, '2018-12-11 19:03:29', '2019-10-19 02:46:39', NULL, 17, 1),
(16, 'MIGUEL', 'URIBE', '85.462.691', '834252', 'mauc1971@hotmail.com', NULL, '$2y$10$u4CCshmLkKB8Ij1S5p61ceI9f1RwtteyGAKSaI3J1mOcun4qwG81W', NULL, '2018-12-11 19:03:29', '2019-10-19 02:46:39', NULL, 17, 2),
(17, 'JAIRO', 'ARIZA', '9.112.369', '834634', 'jarizarivero@hotmail.com', NULL, '$2y$10$u4CCshmLkKB8Ij1S5p61ceI9f1RwtteyGAKSaI3J1mOcun4qwG81W', NULL, '2018-12-11 19:03:29', '2019-10-19 02:46:39', NULL, 17, 2),
(18, 'NEIL', 'COVA', '72.248.516', '835164', 'ne.ko@hotmail.es', NULL, '$2y$10$u4CCshmLkKB8Ij1S5p61ceI9f1RwtteyGAKSaI3J1mOcun4qwG81W', NULL, '2018-12-11 19:03:29', '2019-10-19 02:46:39', NULL, 17, 2),
(19, 'CLAUDIA', 'FERNANDEZ', '57.433.265', '903697', 'claudiafernandez0313@gmail.com', NULL, '$2y$10$u4CCshmLkKB8Ij1S5p61ceI9f1RwtteyGAKSaI3J1mOcun4qwG81W', NULL, '2018-12-11 19:03:29', '2019-10-21 16:42:46', '4979', 17, 1),
(20, 'ALVARO', 'MEJIA', '72.150.613', '904779', 'alvaro.mejiap@hotmail.com', NULL, '$2y$10$u4CCshmLkKB8Ij1S5p61ceI9f1RwtteyGAKSaI3J1mOcun4qwG81W', NULL, '2018-12-11 19:03:29', '2019-10-19 02:46:40', NULL, 17, 1),
(21, 'ELAINE', 'NIÃ‘O', '1.065.565.810', '1113466', 'Jhoela202@hotmail.com', NULL, '$2y$10$u4CCshmLkKB8Ij1S5p61ceI9f1RwtteyGAKSaI3J1mOcun4qwG81W', NULL, '2018-12-11 19:03:29', '2019-10-19 02:46:40', NULL, 17, 1),
(22, 'MARLON ', 'SANCHEZ', '88.277.545', '1800567', 'masver57@gmail.com', NULL, '$2y$10$u4CCshmLkKB8Ij1S5p61ceI9f1RwtteyGAKSaI3J1mOcun4qwG81W', NULL, '2018-12-11 19:03:29', '2019-10-19 02:46:40', NULL, 17, 1),
(23, 'JORGE', 'MONTES', '1.082.942.967', '11308224', 'jmontes1991@hotmail.com', NULL, '$2y$10$u4CCshmLkKB8Ij1S5p61ceI9f1RwtteyGAKSaI3J1mOcun4qwG81W', NULL, '2018-12-11 19:03:29', '2019-10-19 02:46:40', NULL, 17, 1),
(24, 'RAFAEL', 'BELTRAN', '1.128.145.974', '11785911', 'rafabelma@hotmail.com', NULL, '$2y$10$u4CCshmLkKB8Ij1S5p61ceI9f1RwtteyGAKSaI3J1mOcun4qwG81W', NULL, '2018-12-11 19:03:29', '2019-10-19 02:46:40', NULL, 17, 1),
(25, 'YEINER', 'SANCHEZ', '1.065.591.851', '11786107', 'ysan.ser@gmail.com', NULL, '$2y$10$u4CCshmLkKB8Ij1S5p61ceI9f1RwtteyGAKSaI3J1mOcun4qwG81W', NULL, '2018-12-11 19:03:29', '2019-10-19 02:46:40', NULL, 17, 1),
(26, 'HUGO', 'LAPEIRA', '72.253.964', '11786178', 'hlapeira7777@hotmail.com', NULL, '$2y$10$u4CCshmLkKB8Ij1S5p61ceI9f1RwtteyGAKSaI3J1mOcun4qwG81W', NULL, '2018-12-11 19:03:29', '2019-10-19 02:46:40', NULL, 17, 1),
(27, 'ALEXANDER', 'GOMEZ', '13.513.627', '11786426', 'alexanderg1978@gmail.com', NULL, '$2y$10$u4CCshmLkKB8Ij1S5p61ceI9f1RwtteyGAKSaI3J1mOcun4qwG81W', NULL, '2018-12-11 19:03:29', '2019-10-19 02:46:40', NULL, 17, 1),
(28, 'NELSON', 'MIRANDA', '5.122.647', '11786427', 'nelsonmirandamarimon@gmail.com', NULL, '$2y$10$u4CCshmLkKB8Ij1S5p61ceI9f1RwtteyGAKSaI3J1mOcun4qwG81W', NULL, '2018-12-11 19:03:29', '2019-10-19 02:46:40', NULL, 17, 1),
(29, 'YUDIS', 'QUINTERO', '36.722.607', '11786428', 'yqv078@hotmail.com', NULL, '$2y$10$u4CCshmLkKB8Ij1S5p61ceI9f1RwtteyGAKSaI3J1mOcun4qwG81W', NULL, '2018-12-11 19:03:29', '2019-10-19 02:46:40', NULL, 17, 1),
(30, 'CARLOS', 'SANCHEZ', '85.452.086', '11786429', 'carlosanchez1403@hotmail.com', NULL, '$2y$10$u4CCshmLkKB8Ij1S5p61ceI9f1RwtteyGAKSaI3J1mOcun4qwG81W', NULL, '2018-12-11 19:03:29', '2019-10-19 02:46:40', NULL, 17, 1),
(31, 'JEFFREY', 'ROMERO', '74381592', '11786961', 'jeffreyrojiz@hotmail.com', NULL, '$2y$10$u4CCshmLkKB8Ij1S5p61ceI9f1RwtteyGAKSaI3J1mOcun4qwG81W', NULL, '2018-12-11 19:03:29', '2019-10-19 02:46:40', NULL, 17, 1),
(32, 'RUTH', 'BRAVO', '30.726.342', '11787458', 'ruthbravo23@gmail.com', NULL, '$2y$10$u4CCshmLkKB8Ij1S5p61ceI9f1RwtteyGAKSaI3J1mOcun4qwG81W', NULL, '2018-12-11 19:03:29', '2019-10-19 02:46:40', NULL, 17, 1),
(33, 'VERONICA', 'ORTEGA', '29.105.324', '11787518', 'veronica.ortega@yahoo.com', NULL, '$2y$10$u4CCshmLkKB8Ij1S5p61ceI9f1RwtteyGAKSaI3J1mOcun4qwG81W', NULL, '2018-12-11 19:03:29', '2019-10-19 02:46:40', NULL, 17, 1),
(34, 'FABIAN', 'ALBOR', '8.639.206', '11787789', 'fabianalbor@gmail.com', NULL, '$2y$10$u4CCshmLkKB8Ij1S5p61ceI9f1RwtteyGAKSaI3J1mOcun4qwG81W', NULL, '2018-12-11 19:03:29', '2019-10-19 02:46:40', NULL, 17, 1),
(35, 'DIANA', 'PALACIO', '43920293', '11788122', 'dimipaso@gmail.com', NULL, '$2y$10$u4CCshmLkKB8Ij1S5p61ceI9f1RwtteyGAKSaI3J1mOcun4qwG81W', NULL, '2018-12-11 19:03:29', '2019-10-28 20:27:35', NULL, 17, 1),
(36, 'EDER', 'HERNANDEZ', '71.330.319', '11788129', 'ederhm0131@gmail.com', NULL, '$2y$10$u4CCshmLkKB8Ij1S5p61ceI9f1RwtteyGAKSaI3J1mOcun4qwG81W', NULL, '2018-12-11 19:03:29', '2019-10-19 02:46:41', NULL, 17, 1),
(37, 'JOSE ', 'SOTO', '1.128.149.055', '11788263', 'JSOTO9031@hotmail.com', NULL, '$2y$10$u4CCshmLkKB8Ij1S5p61ceI9f1RwtteyGAKSaI3J1mOcun4qwG81W', NULL, '2018-12-11 19:03:29', '2019-10-19 02:46:41', NULL, 17, 1),
(38, 'JADER ', 'PEREZ', '15.611.100', '11788748', 'jaderperez69@hotmail.com', NULL, '$2y$10$u4CCshmLkKB8Ij1S5p61ceI9f1RwtteyGAKSaI3J1mOcun4qwG81W', NULL, '2018-12-11 19:03:29', '2019-10-19 02:46:41', NULL, 17, 2),
(39, 'LUIS', 'TORRES', '12.563.589', '11790185', 'DSBZONA3@YAHOO.ES', NULL, '$2y$10$u4CCshmLkKB8Ij1S5p61ceI9f1RwtteyGAKSaI3J1mOcun4qwG81W', NULL, '2018-12-11 19:03:29', '2019-10-19 02:46:41', NULL, 17, 1),
(40, 'CARLOS', 'CHAPARRO', '79.271.336', '11789389', 'chapa336@hotmail.com', NULL, '$2y$10$u4CCshmLkKB8Ij1S5p61ceI9f1RwtteyGAKSaI3J1mOcun4qwG81W', NULL, '2018-12-11 19:03:29', '2019-10-19 02:46:41', NULL, 17, 1),
(41, 'Enrique Henriquez', 'Henriquez', '123456789', '987654321', 'programador6@binar10.co', NULL, '$2y$10$WZDojAr/APAKMTfACSxYFuBbQdgV7N6frrwQdR5rGI3Vdj51jmhVe', NULL, '2019-01-21 20:27:42', '2019-10-19 02:46:41', NULL, 17, 1),
(42, 'Soporte Tecnico', 'tecnología', '', '987654329', 'programador7@binar10.co', NULL, '$2y$10$HKGSII9oM5ySVMxWBDEuVuzgD56BNr3vhWRjX8FLK0G8QIaXq/Ve2', NULL, '2019-01-21 20:29:48', '2019-10-19 02:46:41', NULL, 17, 1),
(43, 'JUAN', 'BENTHAM', '1.152.189.379', '11789592', 'juanfdo_26@hotmail.com', NULL, '$2y$10$u4CCshmLkKB8Ij1S5p61ceI9f1RwtteyGAKSaI3J1mOcun4qwG81W', NULL, '2019-02-01 19:56:23', '2019-10-19 02:46:41', NULL, 17, 1),
(44, 'Gerente', 'De ventas', '64465225', '311331', 'gerente_mercadeo@binar10.co', NULL, '$2y$10$u4CCshmLkKB8Ij1S5p61ceI9f1RwtteyGAKSaI3J1mOcun4qwG81W', NULL, '2019-02-07 21:30:51', '2019-10-19 02:46:41', NULL, 17, 1),
(45, 'JOSE', 'DIAZ', '1.098.643.471', '567867', 'joseluis.diazsantos63@gmail.com', NULL, '$2y$10$u4CCshmLkKB8Ij1S5p61ceI9f1RwtteyGAKSaI3J1mOcun4qwG81W', NULL, '2019-02-18 19:33:28', '2019-10-19 02:46:41', NULL, 17, 2),
(46, 'CHRISTIE', 'CHAPARRO', '46.385.859', '11785881', 'deita987@hotmail.com', NULL, '$2y$10$u4CCshmLkKB8Ij1S5p61ceI9f1RwtteyGAKSaI3J1mOcun4qwG81W', NULL, '2019-02-18 19:33:28', '2019-10-19 02:46:41', NULL, 17, 1),
(47, 'EDINSON', 'ARAGON', '1.081.799.499', '11785933', 'encho0206@hotmail.com', NULL, '$2y$10$u4CCshmLkKB8Ij1S5p61ceI9f1RwtteyGAKSaI3J1mOcun4qwG81W', NULL, '2019-02-18 19:33:28', '2019-10-19 02:46:41', NULL, 17, 1),
(48, 'ANDRES', 'HURTADO', '1.079.934.351', '11786129', 'Pipe233-@hotmail.com', NULL, '$2y$10$u4CCshmLkKB8Ij1S5p61ceI9f1RwtteyGAKSaI3J1mOcun4qwG81W', NULL, '2019-02-18 19:33:28', '2019-10-19 02:46:41', NULL, 17, 1),
(49, 'RAYNER', 'MARTINEZ', '12.633.241', '11786244', 'raynerm@hotmail.com', NULL, '$2y$10$u4CCshmLkKB8Ij1S5p61ceI9f1RwtteyGAKSaI3J1mOcun4qwG81W', NULL, '2019-02-18 19:33:28', '2019-10-19 02:46:41', NULL, 17, 1),
(50, 'REYNALDO', 'LARA', '85.151.302', '11786283', 'rlaraz1984@gmail.com', NULL, '$2y$10$u4CCshmLkKB8Ij1S5p61ceI9f1RwtteyGAKSaI3J1mOcun4qwG81W', NULL, '2019-02-18 19:33:28', '2019-10-19 02:46:41', NULL, 17, 2),
(51, 'JANETH', 'BUSTOS', '57.293.825', '11786353', 'jbustosro@hotmail.com', NULL, '$2y$10$u4CCshmLkKB8Ij1S5p61ceI9f1RwtteyGAKSaI3J1mOcun4qwG81W', NULL, '2019-02-18 19:33:28', '2019-10-19 02:46:41', NULL, 17, 2),
(52, 'ANGELICA', 'IMBRETH', '1094269752', '11787056', 'angelica091517@gmail.com', NULL, '$2y$10$u4CCshmLkKB8Ij1S5p61ceI9f1RwtteyGAKSaI3J1mOcun4qwG81W', NULL, '2019-02-18 19:33:28', '2019-10-19 02:46:41', NULL, 17, 2),
(53, 'LEIDY', 'AVILA', '1.015.396.891', '11787442', 'lcavila1986@hotmail.com', NULL, '$2y$10$u4CCshmLkKB8Ij1S5p61ceI9f1RwtteyGAKSaI3J1mOcun4qwG81W', NULL, '2019-02-18 19:33:28', '2019-10-19 02:46:41', NULL, 17, 1),
(54, 'ORLANDO', 'GUZMAN', '98.380.745', '11787455', 'javguzlop@hotmail.com', NULL, '$2y$10$u4CCshmLkKB8Ij1S5p61ceI9f1RwtteyGAKSaI3J1mOcun4qwG81W', NULL, '2019-02-18 19:33:28', '2019-10-19 02:46:41', NULL, 17, 1),
(55, 'LUIS', 'RESTREPO', '1.088.312.974', '11787701', 'luiskrestrepo@hotmail.com', NULL, '$2y$10$u4CCshmLkKB8Ij1S5p61ceI9f1RwtteyGAKSaI3J1mOcun4qwG81W', NULL, '2019-02-18 19:33:28', '2019-10-19 02:46:41', NULL, 17, 2),
(56, 'JOAN', 'VARON', '1.088.330.235', '11787723', 'VARONGARCIAJOANSEBASTIAN@gmail.com', NULL, '$2y$10$u4CCshmLkKB8Ij1S5p61ceI9f1RwtteyGAKSaI3J1mOcun4qwG81W', NULL, '2019-02-18 19:33:28', '2019-10-19 02:46:41', NULL, 17, 1),
(57, 'ELKIN', 'BAUTISTA', '1.093.756.264', '11787938', 'infiniti21@hotmail.com', NULL, '$2y$10$u4CCshmLkKB8Ij1S5p61ceI9f1RwtteyGAKSaI3J1mOcun4qwG81W', NULL, '2019-02-18 19:33:28', '2019-10-19 02:46:41', NULL, 17, 1),
(58, 'JESUS', 'PEREZ', '1.003.501.279', '11787957', 'jpxtrada@gmail.com', NULL, '$2y$10$u4CCshmLkKB8Ij1S5p61ceI9f1RwtteyGAKSaI3J1mOcun4qwG81W', NULL, '2019-02-18 19:33:28', '2019-10-19 02:46:42', NULL, 17, 1),
(59, 'LUIS', 'LLOREDA', '98.703.104', '11788087', 'luchocar83@hotmail.com', NULL, '$2y$10$u4CCshmLkKB8Ij1S5p61ceI9f1RwtteyGAKSaI3J1mOcun4qwG81W', NULL, '2019-02-18 19:33:28', '2019-10-19 02:46:42', NULL, 17, 1),
(60, 'MIGUEL', 'URIBE', '1.083.007.742', '11788160', 'miguel.doubain@gmail.com', NULL, '$2y$10$u4CCshmLkKB8Ij1S5p61ceI9f1RwtteyGAKSaI3J1mOcun4qwG81W', NULL, '2019-02-18 19:33:28', '2019-10-19 02:46:42', NULL, 17, 1),
(61, 'ANDREA', 'OSPINO', '1.143.362.776', '11788455', 'ap-ospino@hotmail.com', NULL, '$2y$10$u4CCshmLkKB8Ij1S5p61ceI9f1RwtteyGAKSaI3J1mOcun4qwG81W', NULL, '2019-02-18 19:33:28', '2019-10-19 02:46:42', NULL, 17, 1),
(62, 'LUIS', 'GARCIA', '1.082.476.011', '11789134', 'LUISANCHEZ485@GMAIL.COM', NULL, '$2y$10$u4CCshmLkKB8Ij1S5p61ceI9f1RwtteyGAKSaI3J1mOcun4qwG81W', NULL, '2019-02-18 19:33:28', '2019-10-19 02:46:42', NULL, 17, 1),
(63, 'HAROLD', 'TUAY', '1.117.323.134', '11789184', 'tuay.ojeda@hotmail.com', NULL, '$2y$10$u4CCshmLkKB8Ij1S5p61ceI9f1RwtteyGAKSaI3J1mOcun4qwG81W', NULL, '2019-02-18 19:33:28', '2019-10-19 02:46:42', NULL, 17, 1),
(64, 'CARLOS', 'ARANGO', '71.691.467', '11789490', 'CARLOSMARIO201833@GMAIL.COM', NULL, '$2y$10$u4CCshmLkKB8Ij1S5p61ceI9f1RwtteyGAKSaI3J1mOcun4qwG81W', NULL, '2019-02-18 19:33:28', '2019-10-19 02:46:42', NULL, 17, 1),
(65, 'SANDRA', 'GALLON', '1.057.607.540', '11789558', 'vivianapati16@gmail.com', NULL, '$2y$10$u4CCshmLkKB8Ij1S5p61ceI9f1RwtteyGAKSaI3J1mOcun4qwG81W', NULL, '2019-02-18 19:33:28', '2019-10-19 02:46:42', NULL, 17, 1),
(66, 'GLADYS', 'MONTIEL', '65.763.850', '11787380', 'gemc1217@hotmail.com', NULL, '$2y$10$u4CCshmLkKB8Ij1S5p61ceI9f1RwtteyGAKSaI3J1mOcun4qwG81W', NULL, '2019-02-18 19:33:28', '2019-10-19 02:46:42', NULL, 17, 1),
(67, 'JEFERSON', 'DONATO', '1.069.714.275', '11787544', 'jesdoma86@hotmail.com', NULL, '$2y$10$u4CCshmLkKB8Ij1S5p61ceI9f1RwtteyGAKSaI3J1mOcun4qwG81W', NULL, '2019-02-18 19:33:28', '2019-10-19 02:46:42', NULL, 17, 1),
(68, 'Asistente administrativo', 'Administrativo', '1140245820', '1140245', 'asistenteAdmin@binar10.co', NULL, '$2y$10$u4CCshmLkKB8Ij1S5p61ceI9f1RwtteyGAKSaI3J1mOcun4qwG81W', NULL, '2019-02-19 16:18:23', '2019-10-19 02:46:42', NULL, 17, 1),
(69, 'FELIPE', 'TRUJILLO', '1.036.941.154', '11790865', 'FELIPETRUJILLO0691@GMAIL.COM', NULL, '$2y$10$u4CCshmLkKB8Ij1S5p61ceI9f1RwtteyGAKSaI3J1mOcun4qwG81W', NULL, '2019-02-26 16:11:46', '2019-10-19 02:46:42', NULL, 17, 1),
(70, 'CARLOS', 'NARANJO', '1.094.269.690', '11789135', 'CANDRES2610@GMAIL.COM', NULL, '$2y$10$u4CCshmLkKB8Ij1S5p61ceI9f1RwtteyGAKSaI3J1mOcun4qwG81W', NULL, '2019-02-26 16:11:46', '2019-10-19 02:46:42', NULL, 17, 1),
(71, 'ROSA', 'SERNA', '39.442.407', '11790862', 'inespecas@hotmail.com', NULL, '$2y$10$u4CCshmLkKB8Ij1S5p61ceI9f1RwtteyGAKSaI3J1mOcun4qwG81W', NULL, '2019-02-26 16:11:46', '2019-10-19 02:46:42', NULL, 17, 1),
(72, 'JUAN FRANCISCO', 'SUAREZ GOMEZ', '1007730322', '1441093', 'juanf@gmail.com', NULL, '$2y$10$u4CCshmLkKB8Ij1S5p61ceI9f1RwtteyGAKSaI3J1mOcun4qwG81W', NULL, '2019-03-01 18:43:48', '2019-10-19 02:46:42', NULL, 17, 1),
(73, 'MARCO', 'DEMOYA', '72159244', '11787007', 'marcodemoya@hotmail.com', NULL, '$2y$10$u4CCshmLkKB8Ij1S5p61ceI9f1RwtteyGAKSaI3J1mOcun4qwG81W', NULL, '2019-03-18 19:00:46', '2019-10-19 02:46:42', NULL, 17, 1),
(74, 'JAVIER', 'VERANO', '7.311.574', '11789090', 'jrverano@hotmail.com', NULL, '$2y$10$u4CCshmLkKB8Ij1S5p61ceI9f1RwtteyGAKSaI3J1mOcun4qwG81W', NULL, '2019-03-18 19:00:46', '2019-10-19 02:46:42', NULL, 17, 1),
(75, 'FRANCISCO', 'CADENA', '1.098.753.895', '11786023', 'franciscocdn3@gmail.com', NULL, '$2y$10$u4CCshmLkKB8Ij1S5p61ceI9f1RwtteyGAKSaI3J1mOcun4qwG81W', NULL, '2019-03-29 20:45:58', '2019-10-19 02:46:42', NULL, 17, 1),
(76, 'JUAN FRANCISCO', 'SUAREZ GOMEZ', '1007730322', '1441093', 'Juanfsuarez@unidrogas.com', NULL, '$2y$10$u4CCshmLkKB8Ij1S5p61ceI9f1RwtteyGAKSaI3J1mOcun4qwG81W', NULL, '2019-05-06 19:57:04', '2019-10-19 02:46:43', NULL, 17, 1),
(77, 'DANIELA', 'MOLINA', '1.088.322.532', '11791222', 'daniela_5112@hotmail.com', NULL, '$2y$10$u4CCshmLkKB8Ij1S5p61ceI9f1RwtteyGAKSaI3J1mOcun4qwG81W', NULL, '2019-05-15 19:28:24', '2019-10-19 02:46:43', NULL, 17, 1),
(78, 'JIMMY RACEDO', 'RACEDO', '1.129.578.976', '11791104', 'jimmy.racedo@gmail.com', NULL, '$2y$10$u4CCshmLkKB8Ij1S5p61ceI9f1RwtteyGAKSaI3J1mOcun4qwG81W', NULL, '2019-05-22 20:44:24', '2019-10-19 02:46:43', NULL, 17, 2),
(79, 'LEIDYS', 'ARCINIEGAS', '1.100.959.700', '11786017', 'ladys_112@hotmail.com', NULL, '$2y$10$u4CCshmLkKB8Ij1S5p61ceI9f1RwtteyGAKSaI3J1mOcun4qwG81W', NULL, '2019-05-31 14:55:35', '2019-10-19 02:46:43', NULL, 17, 1),
(80, 'HASBLEIDY', 'GOMEZ', '1.100.963.232', '11791362', 'JASLUDY@HOTMAIL.COM', NULL, '$2y$10$u4CCshmLkKB8Ij1S5p61ceI9f1RwtteyGAKSaI3J1mOcun4qwG81W', NULL, '2019-08-05 22:33:31', '2019-10-19 02:46:43', NULL, 17, 1),
(81, 'Binar10', 'Administración', '132654751', '0', 'binar10@binar10.co', NULL, '$2y$10$u4CCshmLkKB8Ij1S5p61ceI9f1RwtteyGAKSaI3J1mOcun4qwG81W', NULL, '2019-09-10 19:23:25', '2019-10-19 02:46:43', NULL, 17, 1),
(82, 'EFREN', 'OSORIO', '91.259.553', '265795', 'efoscar26@hotmail.com', NULL, '$2y$10$u4CCshmLkKB8Ij1S5p61ceI9f1RwtteyGAKSaI3J1mOcun4qwG81W', NULL, '2018-12-11 19:03:29', '2019-10-19 02:46:43', NULL, 17, 1),
(83, 'RODRIGO', 'HERNANDEZ', '8.694.539', '835274', 'rhd200@hotmail.com', NULL, '$2y$10$u4CCshmLkKB8Ij1S5p61ceI9f1RwtteyGAKSaI3J1mOcun4qwG81W', NULL, '2018-12-11 19:03:29', '2019-10-19 02:46:43', NULL, 17, 1),
(84, 'ALESSANDRO', 'MONTERO', '79.466.536', '851441', 'alessandro723@gmail.com', NULL, '$2y$10$u4CCshmLkKB8Ij1S5p61ceI9f1RwtteyGAKSaI3J1mOcun4qwG81W', NULL, '2018-12-11 19:03:29', '2019-10-19 02:46:43', NULL, 17, 1),
(85, 'DANIEL', 'MELENDEZ', '1.098.615.330', '11788526', 'daniels.melendez86@gmail.com', NULL, '$2y$10$dd6/7Q4pvgFKbo43dEIpfu3VOGXmyLVpBnGNeXuc02BQCJB7Z6AHG', NULL, '2018-12-11 19:03:29', '2019-10-19 02:46:43', NULL, 17, 1),
(86, 'REYNALDO JUNIOR', 'INSIGNARES DE LA HOZ', '72.252.973', '475385', 'rematasil@gmail.com', NULL, '$2y$10$u4CCshmLkKB8Ij1S5p61ceI9f1RwtteyGAKSaI3J1mOcun4qwG81W', NULL, '2018-12-11 19:03:29', '2019-10-19 02:46:43', NULL, 17, 1),
(87, 'Administrador de', 'drogueria', '859674', '475869', 'admindrogue@gmail.com', NULL, '$2y$10$u4CCshmLkKB8Ij1S5p61ceI9f1RwtteyGAKSaI3J1mOcun4qwG81W', NULL, NULL, '2019-11-05 21:03:41', NULL, 17, 1),
(89, 'juan', 'ladron', '125465021', '0', 'jelga13@gmail.com', NULL, '$2y$10$jQI9m2aRbhyvj2H.yicaw.QqCto0L/AwNcAEnd60LZ6fSMWtbDmlu', NULL, '2019-10-23 22:50:03', '2019-10-29 21:00:19', NULL, 17, 2),
(90, 'ronal', 'do', '1007730321', '0', 'ronal2@gmail.com', NULL, '$2y$10$u4CCshmLkKB8Ij1S5p61ceI9f1RwtteyGAKSaI3J1mOcun4qwG81W', NULL, '2019-10-23 22:51:16', '2019-10-23 22:51:16', NULL, 17, 1),
(91, 'Super Admin', 'Binar 10', '1007730321', '0', 'programador5@binar10.co', NULL, '$2y$10$u4CCshmLkKB8Ij1S5p61ceI9f1RwtteyGAKSaI3J1mOcun4qwG81W', NULL, '2019-10-24 05:00:00', '2019-10-24 05:00:00', NULL, 1, 1),
(97, 'Farmacia torres', 'Administrador', '1234091380', '0', 'steveniglesiasm@gmail.com', NULL, '$2y$10$Ez22yMwctp.9DAN0LbhaZ.xeggcamVLcl1SSw5dQhDhIpW06IxcbG', NULL, '2019-10-24 22:00:26', '2019-10-24 22:00:26', NULL, 23, 1),
(101, 'Unidroguis', 'Administrador', '22222222-1', '0', 'projectmanager@binar10.co', NULL, '$2y$10$U5DaSQyl.gh6wMIlT.HSleRRuv3BfYK70/k.z1Z/2obIbXzvHhKcq', NULL, '2019-10-25 20:17:59', '2019-10-25 22:04:06', NULL, 27, 1),
(102, 'Prueba', 'Aseo', '12313123', '0', 'programador3@binar10.co', NULL, '$2y$10$aCLe3essPYaYL3cjESt0uOFrh5hY4WsPFU5uc5UYVdz3kQYzbq0My', NULL, '2019-10-25 20:24:58', '2019-10-29 16:28:16', NULL, 27, 1),
(103, 'Juan', 'Peréz', '1234124141', '0', 'programador1@binar10.co', NULL, '$2y$10$nGiZzIsxNkdbEnngfK02fubjBEHobDurxpZWHK8C8Lb5TwjZI08c.', NULL, '2019-10-25 20:56:40', '2019-10-28 20:20:12', NULL, 27, 1),
(104, 'Juan', 'Araujo', '1234091380', '0', 'steveni@uninorte.edu.co', NULL, '$2y$10$bsEkRh9RuibHxtTeD6ROnO80t.YNU.sOm9kfdTTdKgLaQeUZLT5yy', NULL, '2019-10-28 19:14:35', '2019-10-28 19:15:34', NULL, 17, 1),
(105, 'Don', 'Ardido', '1234091382', '0', 'eh@gmail.com', NULL, '$2y$10$5yHOOOi7GyUh6XNUxvwnmOWdXX3pgQP3qfvzpUU229jO6M2ZJoIee', NULL, '2019-10-29 15:15:07', '2019-10-29 15:15:07', NULL, 17, 1),
(106, 'Prueba', 'pruebita', '1234091385', '0', 'st@asd.com', NULL, '$2y$10$IKWjnoWg94nnGv/mtAv31OLxLi6Xm0X1seatvgc4R7UGsmoaEm0mq', NULL, '2019-10-29 15:29:40', '2019-10-29 15:29:40', NULL, 17, 1),
(107, 'Angela', 'Jimenez', '1140839874', '0', 'ajimenezp91@gmail.com', NULL, '$2y$10$.dOiViLste3HzyABJWmh7OdGI9GGG05PUX6O0.mb2VWQ2JrYRvku6', NULL, '2019-10-29 16:22:02', '2019-10-29 16:29:22', NULL, 27, 1),
(108, 'Otro', 'admin', '12340916', '0', 'stev@gmail.com', NULL, '$2y$10$ZErhKQr.IpT0Y3Qwva9KbO53k1TKzfkFCDrajgeNJoJk10D3fvdwe', NULL, '2019-10-29 17:02:27', '2019-10-29 17:02:27', NULL, 27, 1);

-- --------------------------------------------------------

--
-- Estructura de tabla para la tabla `user_permission`
--

CREATE TABLE `user_permission` (
  `id` int(11) NOT NULL,
  `permission_id` int(11) NOT NULL,
  `user_id` int(11) NOT NULL,
  `per_create` int(11) NOT NULL,
  `per_read` int(11) NOT NULL,
  `per_update` int(11) NOT NULL,
  `per_delete` int(11) NOT NULL
) ENGINE=InnoDB DEFAULT CHARSET=utf8mb4 COLLATE=utf8mb4_unicode_ci;

-- --------------------------------------------------------

--
-- Estructura de tabla para la tabla `user_role`
--

CREATE TABLE `user_role` (
  `id` int(11) NOT NULL,
  `user_id` int(11) NOT NULL,
  `role_id` int(11) NOT NULL
) ENGINE=InnoDB DEFAULT CHARSET=utf8mb4 COLLATE=utf8mb4_unicode_ci;

--
-- Volcado de datos para la tabla `user_role`
--

INSERT INTO `user_role` (`id`, `user_id`, `role_id`) VALUES
(1, 91, 1);

-- --------------------------------------------------------

--
-- Estructura de tabla para la tabla `user_state`
--

CREATE TABLE `user_state` (
  `id` int(11) NOT NULL,
  `name` varchar(50) COLLATE utf8mb4_unicode_ci NOT NULL,
  `description` text COLLATE utf8mb4_unicode_ci NOT NULL
) ENGINE=InnoDB DEFAULT CHARSET=utf8mb4 COLLATE=utf8mb4_unicode_ci;

--
-- Volcado de datos para la tabla `user_state`
--

INSERT INTO `user_state` (`id`, `name`, `description`) VALUES
(1, 'Active', ''),
(2, 'Inactive', '');

--
-- Índices para tablas volcadas
--

--
-- Indices de la tabla `company`
--
ALTER TABLE `company`
  ADD PRIMARY KEY (`id`),
  ADD KEY `company_status_id` (`state_id`),
  ADD KEY `company_type_id` (`type_id`),
  ADD KEY `created_by` (`created_by`);

--
-- Indices de la tabla `company_state`
--
ALTER TABLE `company_state`
  ADD PRIMARY KEY (`id`);

--
-- Indices de la tabla `company_type`
--
ALTER TABLE `company_type`
  ADD PRIMARY KEY (`id`);

--
-- Indices de la tabla `errors_log`
--
ALTER TABLE `errors_log`
  ADD PRIMARY KEY (`id`);

--
-- Indices de la tabla `login_log`
--
ALTER TABLE `login_log`
  ADD PRIMARY KEY (`id`),
  ADD KEY `user_id` (`user_id`);

--
-- Indices de la tabla `migrations`
--
ALTER TABLE `migrations`
  ADD PRIMARY KEY (`id`);

--
-- Indices de la tabla `oauth_access_tokens`
--
ALTER TABLE `oauth_access_tokens`
  ADD PRIMARY KEY (`id`),
  ADD KEY `oauth_access_tokens_user_id_index` (`user_id`);

--
-- Indices de la tabla `oauth_auth_codes`
--
ALTER TABLE `oauth_auth_codes`
  ADD PRIMARY KEY (`id`);

--
-- Indices de la tabla `oauth_clients`
--
ALTER TABLE `oauth_clients`
  ADD PRIMARY KEY (`id`),
  ADD KEY `oauth_clients_user_id_index` (`user_id`);

--
-- Indices de la tabla `oauth_personal_access_clients`
--
ALTER TABLE `oauth_personal_access_clients`
  ADD PRIMARY KEY (`id`),
  ADD KEY `oauth_personal_access_clients_client_id_index` (`client_id`);

--
-- Indices de la tabla `oauth_refresh_tokens`
--
ALTER TABLE `oauth_refresh_tokens`
  ADD PRIMARY KEY (`id`),
  ADD KEY `oauth_refresh_tokens_access_token_id_index` (`access_token_id`);

--
-- Indices de la tabla `password_resets`
--
ALTER TABLE `password_resets`
  ADD KEY `password_resets_email_index` (`email`);

--
-- Indices de la tabla `permission`
--
ALTER TABLE `permission`
  ADD PRIMARY KEY (`id`);

--
-- Indices de la tabla `project_info`
--
ALTER TABLE `project_info`
  ADD PRIMARY KEY (`id`);

--
-- Indices de la tabla `role`
--
ALTER TABLE `role`
  ADD PRIMARY KEY (`id`);

--
-- Indices de la tabla `role_permission`
--
ALTER TABLE `role_permission`
  ADD PRIMARY KEY (`id`),
  ADD KEY `permssion_id` (`permission_id`) USING BTREE,
  ADD KEY `role_id` (`role_id`) USING BTREE;

--
-- Indices de la tabla `users`
--
ALTER TABLE `users`
  ADD PRIMARY KEY (`id`),
  ADD UNIQUE KEY `users_email_unique` (`email`),
  ADD KEY `user_state_id` (`state_id`),
  ADD KEY `user_id_company` (`company_id`);

--
-- Indices de la tabla `user_permission`
--
ALTER TABLE `user_permission`
  ADD PRIMARY KEY (`id`),
  ADD KEY `user_id` (`user_id`),
  ADD KEY `permission_id` (`permission_id`) USING BTREE;

--
-- Indices de la tabla `user_role`
--
ALTER TABLE `user_role`
  ADD PRIMARY KEY (`id`),
  ADD KEY `role_user_id` (`role_id`),
  ADD KEY `user_id` (`user_id`);

--
-- Indices de la tabla `user_state`
--
ALTER TABLE `user_state`
  ADD PRIMARY KEY (`id`);

--
-- AUTO_INCREMENT de las tablas volcadas
--

--
-- AUTO_INCREMENT de la tabla `company`
--
ALTER TABLE `company`
  MODIFY `id` int(11) NOT NULL AUTO_INCREMENT, AUTO_INCREMENT=28;
--
-- AUTO_INCREMENT de la tabla `company_state`
--
ALTER TABLE `company_state`
  MODIFY `id` int(11) NOT NULL AUTO_INCREMENT, AUTO_INCREMENT=3;
--
-- AUTO_INCREMENT de la tabla `company_type`
--
ALTER TABLE `company_type`
  MODIFY `id` int(11) NOT NULL AUTO_INCREMENT, AUTO_INCREMENT=5;
--
-- AUTO_INCREMENT de la tabla `errors_log`
--
ALTER TABLE `errors_log`
  MODIFY `id` int(11) NOT NULL AUTO_INCREMENT;
--
-- AUTO_INCREMENT de la tabla `login_log`
--
ALTER TABLE `login_log`
  MODIFY `id` int(11) NOT NULL AUTO_INCREMENT;
--
-- AUTO_INCREMENT de la tabla `migrations`
--
ALTER TABLE `migrations`
  MODIFY `id` int(10) UNSIGNED NOT NULL AUTO_INCREMENT;
--
-- AUTO_INCREMENT de la tabla `oauth_clients`
--
ALTER TABLE `oauth_clients`
  MODIFY `id` int(10) UNSIGNED NOT NULL AUTO_INCREMENT, AUTO_INCREMENT=2;
--
-- AUTO_INCREMENT de la tabla `oauth_personal_access_clients`
--
ALTER TABLE `oauth_personal_access_clients`
  MODIFY `id` int(10) UNSIGNED NOT NULL AUTO_INCREMENT;
--
-- AUTO_INCREMENT de la tabla `permission`
--
ALTER TABLE `permission`
  MODIFY `id` int(11) NOT NULL AUTO_INCREMENT, AUTO_INCREMENT=4;
--
-- AUTO_INCREMENT de la tabla `project_info`
--
ALTER TABLE `project_info`
  MODIFY `id` int(11) NOT NULL AUTO_INCREMENT, AUTO_INCREMENT=2;
--
-- AUTO_INCREMENT de la tabla `role`
--
ALTER TABLE `role`
  MODIFY `id` int(11) NOT NULL AUTO_INCREMENT, AUTO_INCREMENT=2;
--
-- AUTO_INCREMENT de la tabla `role_permission`
--
ALTER TABLE `role_permission`
  MODIFY `id` int(11) NOT NULL AUTO_INCREMENT, AUTO_INCREMENT=4;
--
-- AUTO_INCREMENT de la tabla `users`
--
ALTER TABLE `users`
  MODIFY `id` int(20) NOT NULL AUTO_INCREMENT, AUTO_INCREMENT=109;
--
-- AUTO_INCREMENT de la tabla `user_permission`
--
ALTER TABLE `user_permission`
  MODIFY `id` int(11) NOT NULL AUTO_INCREMENT;
--
-- AUTO_INCREMENT de la tabla `user_role`
--
ALTER TABLE `user_role`
  MODIFY `id` int(11) NOT NULL AUTO_INCREMENT, AUTO_INCREMENT=2;
--
-- AUTO_INCREMENT de la tabla `user_state`
--
ALTER TABLE `user_state`
  MODIFY `id` int(11) NOT NULL AUTO_INCREMENT, AUTO_INCREMENT=3;
--
-- Restricciones para tablas volcadas
--

--
-- Filtros para la tabla `company`
--
ALTER TABLE `company`
  ADD CONSTRAINT `company_ibfk_1` FOREIGN KEY (`state_id`) REFERENCES `company_state` (`id`),
  ADD CONSTRAINT `company_ibfk_2` FOREIGN KEY (`type_id`) REFERENCES `company_type` (`id`),
  ADD CONSTRAINT `company_ibfk_3` FOREIGN KEY (`created_by`) REFERENCES `users` (`id`);

--
-- Filtros para la tabla `role_permission`
--
ALTER TABLE `role_permission`
  ADD CONSTRAINT `role_permission_ibfk_1` FOREIGN KEY (`permission_id`) REFERENCES `permission` (`id`) ON DELETE CASCADE ON UPDATE CASCADE,
  ADD CONSTRAINT `role_permission_ibfk_2` FOREIGN KEY (`role_id`) REFERENCES `role` (`id`) ON DELETE CASCADE ON UPDATE CASCADE;

--
-- Filtros para la tabla `users`
--
ALTER TABLE `users`
  ADD CONSTRAINT `users_ibfk_1` FOREIGN KEY (`state_id`) REFERENCES `user_state` (`id`),
  ADD CONSTRAINT `users_ibfk_2` FOREIGN KEY (`company_id`) REFERENCES `company` (`id`);

--
-- Filtros para la tabla `user_permission`
--
ALTER TABLE `user_permission`
  ADD CONSTRAINT `user_permission_ibfk_2` FOREIGN KEY (`permission_id`) REFERENCES `permission` (`id`) ON DELETE CASCADE ON UPDATE CASCADE,
  ADD CONSTRAINT `user_permission_ibfk_3` FOREIGN KEY (`user_id`) REFERENCES `users` (`id`);

--
-- Filtros para la tabla `user_role`
--
ALTER TABLE `user_role`
  ADD CONSTRAINT `user_role_ibfk_2` FOREIGN KEY (`role_id`) REFERENCES `role` (`id`) ON DELETE CASCADE ON UPDATE CASCADE,
  ADD CONSTRAINT `user_role_ibfk_3` FOREIGN KEY (`user_id`) REFERENCES `users` (`id`);

/*!40101 SET CHARACTER_SET_CLIENT=@OLD_CHARACTER_SET_CLIENT */;
/*!40101 SET CHARACTER_SET_RESULTS=@OLD_CHARACTER_SET_RESULTS */;
/*!40101 SET COLLATION_CONNECTION=@OLD_COLLATION_CONNECTION */;
